method,method_col,beta_true,sigma_x_me,sigma_y_me,error_ratio,n,mean_bias,rmse,sd_bias,sd_rmse,n_sim
Adaptive Lasso,beta_adaptive_lasso,0.6,20.0,40.0,2.0,36,-0.4876237304184937,0.4876237304184937,0.06683559299152118,0.06683559299152118,300
Adaptive Lasso,beta_adaptive_lasso,0.6,20.0,40.0,2.0,72,-0.4889947402128067,0.4889947402128067,0.0479646259358526,0.0479646259358526,300
Adaptive Lasso,beta_adaptive_lasso,0.6,30.0,30.0,1.0,36,-0.4995584741645311,0.4995584741645311,0.05386297177169749,0.05386297177169749,300
Adaptive Lasso,beta_adaptive_lasso,0.6,30.0,30.0,1.0,72,-0.5010546564838552,0.5010546564838552,0.03885545027462026,0.03885545027462026,300
Adaptive Lasso,beta_adaptive_lasso,0.6,40.0,20.0,0.5,36,-0.5121233119124347,0.5121233119124347,0.043320425571048524,0.043320425571048524,300
Adaptive Lasso,beta_adaptive_lasso,0.6,40.0,20.0,0.5,72,-0.5140258361893896,0.5140258361893896,0.03136204932694623,0.03136204932694623,300
Adaptive Lasso,beta_adaptive_lasso,1.0,20.0,40.0,2.0,36,-0.5016019159385536,0.5049493013971849,0.19329921896007085,0.18434751023695164,300
Adaptive Lasso,beta_adaptive_lasso,1.0,20.0,40.0,2.0,72,-0.5053069485371728,0.5053069485371728,0.14017172627290095,0.14017172627290095,300
Adaptive Lasso,beta_adaptive_lasso,1.0,30.0,30.0,1.0,36,-0.5541225883831297,0.5546881332193967,0.1660848647035702,0.16417978816161882,300
Adaptive Lasso,beta_adaptive_lasso,1.0,30.0,30.0,1.0,72,-0.554703099328012,0.554703099328012,0.11949362079086785,0.11949362079086785,300
Adaptive Lasso,beta_adaptive_lasso,1.0,40.0,20.0,0.5,36,-0.6117985785083772,0.6117985785083772,0.14348983224846126,0.14348983224846126,300
Adaptive Lasso,beta_adaptive_lasso,1.0,40.0,20.0,0.5,72,-0.6099741600218712,0.6099741600218712,0.10281176330877655,0.10281176330877655,300
Adaptive Lasso,beta_adaptive_lasso,1.4,20.0,40.0,2.0,36,-0.07109076656934814,0.3761210908283769,0.4652229832648253,0.28206916690624784,300
Adaptive Lasso,beta_adaptive_lasso,1.4,20.0,40.0,2.0,72,-0.04165026093271269,0.28877036427300545,0.349832558102161,0.20113714417920958,300
Adaptive Lasso,beta_adaptive_lasso,1.4,30.0,30.0,1.0,36,-0.1951328942222609,0.3748907985815845,0.41476381762583564,0.2630970608375194,300
Adaptive Lasso,beta_adaptive_lasso,1.4,30.0,30.0,1.0,72,-0.1762719762103176,0.3015505534618346,0.3087849509137533,0.1878483841999892,300
Adaptive Lasso,beta_adaptive_lasso,1.4,40.0,20.0,0.5,36,-0.33786713150615716,0.42300265383399105,0.37040683312235895,0.2687145879637676,300
Adaptive Lasso,beta_adaptive_lasso,1.4,40.0,20.0,0.5,72,-0.32811811461860574,0.36706825269173327,0.2731087064207289,0.21776179641455273,300
Clustered SE,beta_clustered,0.6,20.0,40.0,2.0,36,-0.03385893086542164,0.08926422445717007,0.10620090298095822,0.06658935545766996,300
Clustered SE,beta_clustered,0.6,20.0,40.0,2.0,72,-0.03240039383806184,0.06370576723144838,0.07510306805115768,0.051203215078316974,300
Clustered SE,beta_clustered,0.6,30.0,30.0,1.0,36,-0.06804298259334186,0.09188868934053689,0.09119928741897607,0.06701396482867997,300
Clustered SE,beta_clustered,0.6,30.0,30.0,1.0,72,-0.06980473189392714,0.07742529587705446,0.06361940745825383,0.05405275877225374,300
Clustered SE,beta_clustered,0.6,40.0,20.0,0.5,36,-0.10986082017614751,0.11643537732004146,0.07905334117276788,0.06896852585093925,300
Clustered SE,beta_clustered,0.6,40.0,20.0,0.5,72,-0.1145213850799635,0.11474071209694849,0.054945714180927537,0.054484676406842465,300
Clustered SE,beta_clustered,1.0,20.0,40.0,2.0,36,-0.05076288364812342,0.09901565569425957,0.11224433795906716,0.07312585282056037,300
Clustered SE,beta_clustered,1.0,20.0,40.0,2.0,72,-0.054079379997997216,0.07688561265634082,0.07568181185217404,0.052258293069001364,300
Clustered SE,beta_clustered,1.0,30.0,30.0,1.0,36,-0.11349544327456317,0.1305199199634462,0.10268888118864486,0.07985536110907707,300
Clustered SE,beta_clustered,1.0,30.0,30.0,1.0,72,-0.1157769348637981,0.11898753238589826,0.06870485214324937,0.06296111213259507,300
Clustered SE,beta_clustered,1.0,40.0,20.0,0.5,36,-0.18885094328448995,0.19265383714766485,0.09511224107254958,0.08712441658596133,300
Clustered SE,beta_clustered,1.0,40.0,20.0,0.5,72,-0.18966259367650135,0.18966259367650135,0.0638331064882672,0.0638331064882672,300
Clustered SE,beta_clustered,1.4,20.0,40.0,2.0,36,-0.07809740191576602,0.11463861001346104,0.11691786392376793,0.08126146471204229,300
Clustered SE,beta_clustered,1.4,20.0,40.0,2.0,72,-0.08083510142433968,0.09560768093352888,0.08519176650861006,0.06813519360857075,300
Clustered SE,beta_clustered,1.4,30.0,30.0,1.0,36,-0.1606178276578678,0.1697181757792398,0.11426202329454552,0.10019772078248579,300
Clustered SE,beta_clustered,1.4,30.0,30.0,1.0,72,-0.16801420426611252,0.16926000256900434,0.08168756197194299,0.0790650167694607,300
Clustered SE,beta_clustered,1.4,40.0,20.0,0.5,36,-0.2614881543346425,0.26157253957406046,0.11374698532817354,0.11355214858654163,300
Clustered SE,beta_clustered,1.4,40.0,20.0,0.5,72,-0.2717725641920667,0.2717725641920667,0.08175675808237695,0.08175675808237695,300
Deming,beta_deming,0.6,20.0,40.0,2.0,36,-0.2368468735491217,0.23889563890655818,0.11914464740552799,0.11496739716761285,300
Deming,beta_deming,0.6,20.0,40.0,2.0,72,-0.23669138253613833,0.23710388782946434,0.08567780890457795,0.08452567790915229,300
Deming,beta_deming,0.6,30.0,30.0,1.0,36,-0.11866711595527311,0.1321680120300635,0.10603037015456417,0.08856982734928605,300
Deming,beta_deming,0.6,30.0,30.0,1.0,72,-0.12713757700391073,0.1286294399871587,0.0736041078460618,0.07095575519416662,300
Deming,beta_deming,0.6,40.0,20.0,0.5,36,-0.026406250941412582,0.0890315356166787,0.11117481320513806,0.07145863491388656,300
Deming,beta_deming,0.6,40.0,20.0,0.5,72,-0.04636538508347739,0.06959170592787198,0.07193525040688224,0.04972339594126044,300
Deming,beta_deming,1.0,20.0,40.0,2.0,36,-0.21690049116574514,0.2196289300668245,0.12394448584826932,0.11902608240874415,300
Deming,beta_deming,1.0,20.0,40.0,2.0,72,-0.2295377266240329,0.2296516684734198,0.08219485266895413,0.0818748919396192,300
Deming,beta_deming,1.0,30.0,30.0,1.0,36,-0.10029750941574987,0.1310065183006437,0.1220386777981725,0.08812811804892604,300
Deming,beta_deming,1.0,30.0,30.0,1.0,72,-0.11752104239954311,0.12371521873481359,0.07896309793919717,0.06881797273492574,300
Deming,beta_deming,1.0,40.0,20.0,0.5,36,-0.009053076107557421,0.11101263612782344,0.14585819026679978,0.09482521733227936,300
Deming,beta_deming,1.0,40.0,20.0,0.5,72,-0.032559961518959846,0.08101076628722437,0.09309920402722642,0.05609336242880742,300
Deming,beta_deming,1.4,20.0,40.0,2.0,36,-0.21040419830348134,0.2155724344137829,0.12935749424105525,0.1205174280541982,300
Deming,beta_deming,1.4,20.0,40.0,2.0,72,-0.2259022814144393,0.22614269082071625,0.09380518477639466,0.09322217205752052,300
Deming,beta_deming,1.4,30.0,30.0,1.0,36,-0.08391630693850573,0.1317844135460791,0.13797029193571558,0.0931454989881772,300
Deming,beta_deming,1.4,30.0,30.0,1.0,72,-0.11578303381042128,0.12567989561164303,0.09549399674767861,0.08198405808522519,300
Deming,beta_deming,1.4,40.0,20.0,0.5,36,0.0204568942161093,0.14373464187624116,0.1825047189670218,0.11401365485943624,300
Deming,beta_deming,1.4,40.0,20.0,0.5,72,-0.032430187384828384,0.10073086838512504,0.12024306187332932,0.07302729015555054,300
Elastic Net,beta_enet,0.6,20.0,40.0,2.0,36,-0.1409701130000737,0.14688951531699143,0.09214285735203787,0.08234470448980069,300
Elastic Net,beta_enet,0.6,20.0,40.0,2.0,72,-0.134886723220551,0.13633732142813992,0.0684224231667423,0.06547423184581078,300
Elastic Net,beta_enet,0.6,30.0,30.0,1.0,36,-0.1549967714002853,0.1570384767934392,0.08069769722966337,0.07663487178299404,300
Elastic Net,beta_enet,0.6,30.0,30.0,1.0,72,-0.1509579318211496,0.15131733788038026,0.059866776692661425,0.0589493684873807,300
Elastic Net,beta_enet,0.6,40.0,20.0,0.5,36,-0.17275915832130645,0.17334996029644814,0.07189230677036271,0.0704509612123683,300
Elastic Net,beta_enet,0.6,40.0,20.0,0.5,72,-0.17075690343799818,0.17075690343799818,0.05320671490319771,0.05320671490319771,300
Elastic Net,beta_enet,1.0,20.0,40.0,2.0,36,-0.22697843453536165,0.2277918952993675,0.10409748887163926,0.1022991305886446,300
Elastic Net,beta_enet,1.0,20.0,40.0,2.0,72,-0.2222468015286215,0.2222468015286215,0.07356339391651219,0.07356339391651219,300
Elastic Net,beta_enet,1.0,30.0,30.0,1.0,36,-0.25425140458297724,0.25439045183924575,0.09603635798195002,0.09566619183685268,300
Elastic Net,beta_enet,1.0,30.0,30.0,1.0,72,-0.2485691137108152,0.2485691137108152,0.06749555347610214,0.06749555347610214,300
Elastic Net,beta_enet,1.0,40.0,20.0,0.5,36,-0.28791877847954134,0.28791877847954134,0.09082090639343464,0.09082090639343464,300
Elastic Net,beta_enet,1.0,40.0,20.0,0.5,72,-0.2810947958737953,0.2810947958737953,0.06370309542952658,0.06370309542952658,300
Elastic Net,beta_enet,1.4,20.0,40.0,2.0,36,-0.3223297855546461,0.3226403653922626,0.12848276271436498,0.12769822097842654,300
Elastic Net,beta_enet,1.4,20.0,40.0,2.0,72,-0.3075390572923435,0.3075390572923435,0.09568677556784966,0.09568677556784966,300
Elastic Net,beta_enet,1.4,30.0,30.0,1.0,36,-0.356900796197953,0.356900796197953,0.12363991817807148,0.12363991817807148,300
Elastic Net,beta_enet,1.4,30.0,30.0,1.0,72,-0.3447436515181502,0.3447436515181502,0.09054879497570721,0.09054879497570721,300
Elastic Net,beta_enet,1.4,40.0,20.0,0.5,36,-0.4005992269735999,0.4005992269735999,0.12113694292124386,0.12113694292124386,300
Elastic Net,beta_enet,1.4,40.0,20.0,0.5,72,-0.39071088063887655,0.39071088063887655,0.08763026482808252,0.08763026482808252,300
Ensemble,beta_ensemble,0.6,20.0,40.0,2.0,36,-0.01655905066200474,0.06517173240568805,0.07979303558125359,0.04879024334571722,300
Ensemble,beta_ensemble,0.6,20.0,40.0,2.0,72,0.013833121939285735,0.047307657530228274,0.05826596771508056,0.036625384384646235,300
Ensemble,beta_ensemble,0.6,30.0,30.0,1.0,36,-0.03276257116458286,0.06113951715046189,0.069050072158098,0.04576402614544843,300
Ensemble,beta_ensemble,0.6,30.0,30.0,1.0,72,-0.006966012377394722,0.041187364077592784,0.05053174461428295,0.030001204967424176,300
Ensemble,beta_ensemble,0.6,40.0,20.0,0.5,36,-0.05116545311061908,0.06377874356544395,0.05972298408049937,0.04595825689913594,300
Ensemble,beta_ensemble,0.6,40.0,20.0,0.5,72,-0.029001279556482497,0.04228265671789936,0.04416528765430377,0.031633169399949805,300
Ensemble,beta_ensemble,1.0,20.0,40.0,2.0,36,-0.12691311950155285,0.13147881431793554,0.08464117151668434,0.07733332779893697,300
Ensemble,beta_ensemble,1.0,20.0,40.0,2.0,72,-0.08641749033932263,0.09154836535539698,0.06066062837711946,0.052569357590551244,300
Ensemble,beta_ensemble,1.0,30.0,30.0,1.0,36,-0.15800281286433068,0.15960237100628807,0.07653086622949583,0.07312486880596114,300
Ensemble,beta_ensemble,1.0,30.0,30.0,1.0,72,-0.11850899527061334,0.11925525308721664,0.05513700173321506,0.053498243975328506,300
Ensemble,beta_ensemble,1.0,40.0,20.0,0.5,36,-0.19576084847961991,0.19593930215938027,0.07066017248994545,0.07016213980977126,300
Ensemble,beta_ensemble,1.0,40.0,20.0,0.5,72,-0.1577438302455557,0.1577438302455557,0.050982583405796,0.050982583405796,300
Ensemble,beta_ensemble,1.4,20.0,40.0,2.0,36,-0.2286022336537511,0.22904725087245922,0.09735979644467484,0.09630465679042065,300
Ensemble,beta_ensemble,1.4,20.0,40.0,2.0,72,-0.16970012882241056,0.1704022401575145,0.07597659603558575,0.07438316199882897,300
Ensemble,beta_ensemble,1.4,30.0,30.0,1.0,36,-0.26947039072116835,0.26947039072116835,0.09255243726980866,0.09255243726980866,300
Ensemble,beta_ensemble,1.4,30.0,30.0,1.0,72,-0.21762245624072704,0.21762245624072704,0.07001813641390427,0.07001813641390427,300
Ensemble,beta_ensemble,1.4,40.0,20.0,0.5,36,-0.3204790438884022,0.3204790438884022,0.08979988592159138,0.08979988592159138,300
Ensemble,beta_ensemble,1.4,40.0,20.0,0.5,72,-0.2754813366171715,0.2754813366171715,0.0679332684784883,0.0679332684784883,300
Huber,beta_huber,0.6,20.0,40.0,2.0,36,-0.03334422865242978,0.0946668089936232,0.11458252160236504,0.07247712084128648,300
Huber,beta_huber,0.6,20.0,40.0,2.0,72,-0.03552767756683383,0.0663405772247671,0.07690923484308888,0.05258969712525078,300
Huber,beta_huber,0.6,30.0,30.0,1.0,36,-0.0668174038647204,0.09519241569508924,0.09828103987876333,0.0710405346890285,300
Huber,beta_huber,0.6,30.0,30.0,1.0,72,-0.07296233545353005,0.08058152577534078,0.06640976191188404,0.05688992822929028,300
Huber,beta_huber,0.6,40.0,20.0,0.5,36,-0.10775491690520203,0.11754650640895337,0.08515434897370036,0.07097764418119888,300
Huber,beta_huber,0.6,40.0,20.0,0.5,72,-0.11621998496121141,0.1166779742206127,0.058214955106314206,0.057288388839692575,300
Huber,beta_huber,1.0,20.0,40.0,2.0,36,-0.050502549162864355,0.10079866695137081,0.11440806708900085,0.07385046362995884,300
Huber,beta_huber,1.0,20.0,40.0,2.0,72,-0.05655460633568345,0.07921990397998757,0.0784401571267011,0.05536421547290387,300
Huber,beta_huber,1.0,30.0,30.0,1.0,36,-0.11142237947898631,0.12945259044683113,0.104391767646371,0.0808708195542431,300
Huber,beta_huber,1.0,30.0,30.0,1.0,72,-0.11689354916791415,0.12037332202943969,0.07249658644167316,0.06653840173837484,300
Huber,beta_huber,1.0,40.0,20.0,0.5,36,-0.18480910955318394,0.18949235196728728,0.09698739736159602,0.08745140408337185,300
Huber,beta_huber,1.0,40.0,20.0,0.5,72,-0.18828175299259362,0.18828175299259362,0.06665194033896249,0.06665194033896249,300
Huber,beta_huber,1.4,20.0,40.0,2.0,36,-0.07965499341252065,0.12033637586339146,0.12336735112993483,0.08400218742183266,300
Huber,beta_huber,1.4,20.0,40.0,2.0,72,-0.08422722803923381,0.09920095725440058,0.08841520409182525,0.0711439271554817,300
Huber,beta_huber,1.4,30.0,30.0,1.0,36,-0.16009932842123,0.1721017484107937,0.12179464330364656,0.10408353913537036,300
Huber,beta_huber,1.4,30.0,30.0,1.0,72,-0.17044738964056505,0.17170459615709477,0.08572967963759423,0.08317441684033237,300
Huber,beta_huber,1.4,40.0,20.0,0.5,36,-0.25659645412448173,0.25793050403876283,0.12202942768170236,0.119174162082994,300
Huber,beta_huber,1.4,40.0,20.0,0.5,72,-0.2710940218142233,0.2710940218142233,0.08508392340498375,0.08508392340498375,300
LMM (Random Intercept),beta_lmer_int,0.6,20.0,40.0,2.0,36,-0.03385893086542168,0.08926422445717012,0.10620090298095824,0.06658935545766996,300
LMM (Random Intercept),beta_lmer_int,0.6,20.0,40.0,2.0,72,-0.03240039383806198,0.06370576723144843,0.07510306805115771,0.05120321507831705,300
LMM (Random Intercept),beta_lmer_int,0.6,30.0,30.0,1.0,36,-0.06804298259334188,0.09188868934053689,0.09119928741897598,0.06701396482867997,300
LMM (Random Intercept),beta_lmer_int,0.6,30.0,30.0,1.0,72,-0.06980473189392726,0.07742529587705457,0.0636194074582539,0.05405275877225376,300
LMM (Random Intercept),beta_lmer_int,0.6,40.0,20.0,0.5,36,-0.10986082017614753,0.11643537732004146,0.07905334117276788,0.06896852585093924,300
LMM (Random Intercept),beta_lmer_int,0.6,40.0,20.0,0.5,72,-0.11452138507996357,0.11474071209694855,0.05494571418092757,0.05448467640684246,300
LMM (Random Intercept),beta_lmer_int,1.0,20.0,40.0,2.0,36,-0.050762883648123404,0.0990156556942596,0.11224433795906723,0.07312585282056037,300
LMM (Random Intercept),beta_lmer_int,1.0,20.0,40.0,2.0,72,-0.05407937999799729,0.07688561265634085,0.0756818118521741,0.05225829306900145,300
LMM (Random Intercept),beta_lmer_int,1.0,30.0,30.0,1.0,36,-0.11349544327456322,0.13051991996344622,0.10268888118864487,0.07985536110907702,300
LMM (Random Intercept),beta_lmer_int,1.0,30.0,30.0,1.0,72,-0.1157769348637982,0.11898753238589833,0.06870485214324933,0.06296111213259505,300
LMM (Random Intercept),beta_lmer_int,1.0,40.0,20.0,0.5,36,-0.18885094328448998,0.19265383714766487,0.09511224107254958,0.08712441658596129,300
LMM (Random Intercept),beta_lmer_int,1.0,40.0,20.0,0.5,72,-0.18966259367650146,0.18966259367650146,0.06383310648826722,0.06383310648826722,300
LMM (Random Intercept),beta_lmer_int,1.4,20.0,40.0,2.0,36,-0.07809740191576604,0.11463861001346105,0.11691786392376789,0.08126146471204226,300
LMM (Random Intercept),beta_lmer_int,1.4,20.0,40.0,2.0,72,-0.08083510142433976,0.09560768093352885,0.08519176650861002,0.0681351936085708,300
LMM (Random Intercept),beta_lmer_int,1.4,30.0,30.0,1.0,36,-0.1606178276578678,0.16971817577923984,0.11426202329454566,0.10019772078248583,300
LMM (Random Intercept),beta_lmer_int,1.4,30.0,30.0,1.0,72,-0.16801420426611266,0.16926000256900448,0.08168756197194306,0.07906501676946077,300
LMM (Random Intercept),beta_lmer_int,1.4,40.0,20.0,0.5,36,-0.2614881543346426,0.26157253957406057,0.11374698532817357,0.11355214858654167,300
LMM (Random Intercept),beta_lmer_int,1.4,40.0,20.0,0.5,72,-0.27177256419206686,0.27177256419206686,0.081756758082377,0.081756758082377,300
LMM (Random Slope),beta_lmer_slope,0.6,20.0,40.0,2.0,36,-0.03385893086542168,0.08926422445717012,0.10620090298095824,0.06658935545766996,300
LMM (Random Slope),beta_lmer_slope,0.6,20.0,40.0,2.0,72,-0.03240039383806198,0.06370576723144843,0.07510306805115771,0.05120321507831705,300
LMM (Random Slope),beta_lmer_slope,0.6,30.0,30.0,1.0,36,-0.06804298259334188,0.09188868934053689,0.09119928741897598,0.06701396482867997,300
LMM (Random Slope),beta_lmer_slope,0.6,30.0,30.0,1.0,72,-0.06980473189392726,0.07742529587705457,0.0636194074582539,0.05405275877225376,300
LMM (Random Slope),beta_lmer_slope,0.6,40.0,20.0,0.5,36,-0.10986082017614753,0.11643537732004146,0.07905334117276788,0.06896852585093924,300
LMM (Random Slope),beta_lmer_slope,0.6,40.0,20.0,0.5,72,-0.11452138507996357,0.11474071209694855,0.05494571418092757,0.05448467640684246,300
LMM (Random Slope),beta_lmer_slope,1.0,20.0,40.0,2.0,36,-0.050762883648123404,0.0990156556942596,0.11224433795906723,0.07312585282056037,300
LMM (Random Slope),beta_lmer_slope,1.0,20.0,40.0,2.0,72,-0.05407937999799729,0.07688561265634085,0.0756818118521741,0.05225829306900145,300
LMM (Random Slope),beta_lmer_slope,1.0,30.0,30.0,1.0,36,-0.11349544327456322,0.13051991996344622,0.10268888118864487,0.07985536110907702,300
LMM (Random Slope),beta_lmer_slope,1.0,30.0,30.0,1.0,72,-0.1157769348637982,0.11898753238589833,0.06870485214324933,0.06296111213259505,300
LMM (Random Slope),beta_lmer_slope,1.0,40.0,20.0,0.5,36,-0.18885094328448998,0.19265383714766487,0.09511224107254958,0.08712441658596129,300
LMM (Random Slope),beta_lmer_slope,1.0,40.0,20.0,0.5,72,-0.18966259367650146,0.18966259367650146,0.06383310648826722,0.06383310648826722,300
LMM (Random Slope),beta_lmer_slope,1.4,20.0,40.0,2.0,36,-0.07809740191576604,0.11463861001346105,0.11691786392376789,0.08126146471204226,300
LMM (Random Slope),beta_lmer_slope,1.4,20.0,40.0,2.0,72,-0.08083510142433976,0.09560768093352885,0.08519176650861002,0.0681351936085708,300
LMM (Random Slope),beta_lmer_slope,1.4,30.0,30.0,1.0,36,-0.1606178276578678,0.16971817577923984,0.11426202329454566,0.10019772078248583,300
LMM (Random Slope),beta_lmer_slope,1.4,30.0,30.0,1.0,72,-0.16801420426611266,0.16926000256900448,0.08168756197194306,0.07906501676946077,300
LMM (Random Slope),beta_lmer_slope,1.4,40.0,20.0,0.5,36,-0.2614881543346426,0.26157253957406057,0.11374698532817357,0.11355214858654167,300
LMM (Random Slope),beta_lmer_slope,1.4,40.0,20.0,0.5,72,-0.27177256419206686,0.27177256419206686,0.081756758082377,0.081756758082377,300
Lasso,beta_lasso,0.6,20.0,40.0,2.0,36,-0.14367496356507406,0.1493572962269097,0.09260357163879807,0.08309479996049822,300
Lasso,beta_lasso,0.6,20.0,40.0,2.0,72,-0.1375611568366538,0.1389256747019473,0.06876453528257598,0.06595474444508485,300
Lasso,beta_lasso,0.6,30.0,30.0,1.0,36,-0.15777175525728673,0.15971700251073973,0.08110118571581172,0.07718641498501676,300
Lasso,beta_lasso,0.6,30.0,30.0,1.0,72,-0.15371272148025536,0.15406059123644883,0.060166110576124705,0.05926666649632505,300
Lasso,beta_lasso,0.6,40.0,20.0,0.5,36,-0.17562295411291298,0.1761793951181682,0.07225176830421455,0.07087951794204939,300
Lasso,beta_lasso,0.6,40.0,20.0,0.5,72,-0.17361068795518816,0.17361068795518816,0.05347274847771366,0.05347274847771366,300
Lasso,beta_lasso,1.0,20.0,40.0,2.0,36,-0.22811332670803844,0.22893085477586433,0.10461797631599744,0.10281062624158778,300
Lasso,beta_lasso,1.0,20.0,40.0,2.0,72,-0.22335803553626457,0.22335803553626457,0.07393121088609478,0.07393121088609478,300
Lasso,beta_lasso,1.0,30.0,30.0,1.0,36,-0.2555226616058921,0.255662404098442,0.09651653977185977,0.09614452279603694,300
Lasso,beta_lasso,1.0,30.0,30.0,1.0,72,-0.24981195927936928,0.24981195927936928,0.06783303124348268,0.06783303124348268,300
Lasso,beta_lasso,1.0,40.0,20.0,0.5,36,-0.28935837237193907,0.28935837237193907,0.09127501092540173,0.09127501092540173,300
Lasso,beta_lasso,1.0,40.0,20.0,0.5,72,-0.2825002698531643,0.2825002698531643,0.06402161090667423,0.06402161090667423,300
Lasso,beta_lasso,1.4,20.0,40.0,2.0,36,-0.3219414344824193,0.3222935672192239,0.1291251765279369,0.12824077457101424,300
Lasso,beta_lasso,1.4,20.0,40.0,2.0,72,-0.3070767525788052,0.3070767525788052,0.09616520944568889,0.09616520944568889,300
Lasso,beta_lasso,1.4,30.0,30.0,1.0,36,-0.3566853001789428,0.3566853001789428,0.12425811776896187,0.12425811776896187,300
Lasso,beta_lasso,1.4,30.0,30.0,1.0,72,-0.3444673697757409,0.3444673697757409,0.09100153895058576,0.09100153895058576,300
Lasso,beta_lasso,1.4,40.0,20.0,0.5,36,-0.4006022231084679,0.4006022231084679,0.12174262763585006,0.12174262763585006,300
Lasso,beta_lasso,1.4,40.0,20.0,0.5,72,-0.39066443504207093,0.39066443504207093,0.08806841615222287,0.08806841615222287,300
Median,beta_median,0.6,20.0,40.0,2.0,36,-0.030369137613121322,0.09011705999770946,0.10858922780238148,0.06759248595315015,300
Median,beta_median,0.6,20.0,40.0,2.0,72,-0.028132583714301884,0.0620637723311976,0.07476536797040029,0.05019118442549225,300
Median,beta_median,0.6,30.0,30.0,1.0,36,-0.06208639790089777,0.09046350811816131,0.09382383494911088,0.06677955148192592,300
Median,beta_median,0.6,30.0,30.0,1.0,72,-0.06558168126981909,0.07461192308718959,0.06418648880657492,0.05338247973554004,300
Median,beta_median,0.6,40.0,20.0,0.5,36,-0.0978761848932552,0.10842644036095907,0.08256271891784696,0.0680645115971874,300
Median,beta_median,0.6,40.0,20.0,0.5,72,-0.10556493951347279,0.1062850656700125,0.05611758847111488,0.05473677717907308,300
Median,beta_median,1.0,20.0,40.0,2.0,36,-0.06270105015167567,0.09313154376234568,0.10237820334177279,0.0756529842399117,300
Median,beta_median,1.0,20.0,40.0,2.0,72,-0.05756797287440848,0.07250468747948044,0.06976402379576051,0.05401539555549337,300
Median,beta_median,1.0,30.0,30.0,1.0,36,-0.11123674452035506,0.12369171175924935,0.09731564685248689,0.08083639560853971,300
Median,beta_median,1.0,30.0,30.0,1.0,72,-0.11281649579488268,0.11518174429077814,0.068093866973163,0.06399764556600113,300
Median,beta_median,1.0,40.0,20.0,0.5,36,-0.17687813259081206,0.17972667372787982,0.09107099343553884,0.08529199873887866,300
Median,beta_median,1.0,40.0,20.0,0.5,72,-0.17796977257990068,0.17796977257990068,0.0637645209250705,0.0637645209250705,300
Median,beta_median,1.4,20.0,40.0,2.0,36,-0.11096558268851546,0.13806475728883227,0.12721241328570285,0.09701500471733492,300
Median,beta_median,1.4,20.0,40.0,2.0,72,-0.09702698671026991,0.10788806416074592,0.08963623258359671,0.07616831678023006,300
Median,beta_median,1.4,30.0,30.0,1.0,36,-0.17352091090981453,0.1806043334589342,0.11618722751240128,0.10479820482959626,300
Median,beta_median,1.4,30.0,30.0,1.0,72,-0.17464422664947543,0.175584397221014,0.08289739064111688,0.0808801673875466,300
Median,beta_median,1.4,40.0,20.0,0.5,36,-0.2679398325382361,0.2679398325382361,0.11072972381262525,0.11072972381262525,300
Median,beta_median,1.4,40.0,20.0,0.5,72,-0.2757909032989248,0.2757909032989248,0.08042548319431175,0.08042548319431175,300
ODR,beta_odr,0.6,20.0,40.0,2.0,36,0.018317373707499217,0.09410589223092936,0.11718134903733687,0.07199013468713109,300
ODR,beta_odr,0.6,20.0,40.0,2.0,72,0.02159405663710797,0.0676941774684709,0.08218803460545923,0.051233856983955835,300
ODR,beta_odr,0.6,30.0,30.0,1.0,36,0.06682788803727716,0.10774826854141982,0.11723855038922902,0.08110032610212946,300
ODR,beta_odr,0.6,30.0,30.0,1.0,72,0.06848961878770828,0.08761688319705922,0.08084117922247885,0.05949302197134917,300
ODR,beta_odr,0.6,40.0,20.0,0.5,36,0.15261582625205647,0.16255884782841765,0.12531301210754564,0.11206730799160161,300
ODR,beta_odr,0.6,40.0,20.0,0.5,72,0.15106293302514065,0.15222461023310746,0.08645210727118345,0.08438285542667597,300
ODR,beta_odr,1.0,20.0,40.0,2.0,36,0.03369118803576921,0.09927293703948488,0.12154152855113241,0.07760901583762173,300
ODR,beta_odr,1.0,20.0,40.0,2.0,72,0.031169214171725048,0.06920652494755367,0.08299743689600127,0.055297215479326645,300
ODR,beta_odr,1.0,30.0,30.0,1.0,36,0.07800872529462775,0.10824056859437825,0.12290230321922539,0.09723931834414315,300
ODR,beta_odr,1.0,30.0,30.0,1.0,72,0.07610859115775175,0.09231402655753652,0.08729199982719528,0.06986703859530236,300
ODR,beta_odr,1.0,40.0,20.0,0.5,36,0.12396783715400098,0.1403430765934408,0.13482866173725358,0.11762711461937672,300
ODR,beta_odr,1.0,40.0,20.0,0.5,72,0.11934186301674808,0.1271482354121056,0.09918232512390598,0.08891852836790537,300
ODR,beta_odr,1.4,20.0,40.0,2.0,36,0.03446745460363538,0.10475115834336111,0.1260569655925871,0.07792838856425277,300
ODR,beta_odr,1.4,20.0,40.0,2.0,72,0.029817885980103535,0.07708612792913744,0.09089633331249726,0.056498481379296805,300
ODR,beta_odr,1.4,30.0,30.0,1.0,36,0.07597285211540127,0.12179817175920801,0.1373477459785961,0.09884923960023437,300
ODR,beta_odr,1.4,30.0,30.0,1.0,72,0.06331159050067256,0.09038805902283525,0.09366851870236273,0.06781024356855891,300
ODR,beta_odr,1.4,40.0,20.0,0.5,36,0.1068987657427515,0.14417866134147406,0.15806731165488072,0.12487525746901405,300
ODR,beta_odr,1.4,40.0,20.0,0.5,72,0.0868742814278114,0.1070857480807306,0.10270230472270346,0.08132918070660382,300
OLS,beta_ols,0.6,20.0,40.0,2.0,36,-0.03385893086542164,0.08926422445717007,0.10620090298095822,0.06658935545766996,300
OLS,beta_ols,0.6,20.0,40.0,2.0,72,-0.03240039383806184,0.06370576723144838,0.07510306805115768,0.051203215078316974,300
OLS,beta_ols,0.6,30.0,30.0,1.0,36,-0.06804298259334186,0.09188868934053689,0.09119928741897607,0.06701396482867997,300
OLS,beta_ols,0.6,30.0,30.0,1.0,72,-0.06980473189392714,0.07742529587705446,0.06361940745825383,0.05405275877225374,300
OLS,beta_ols,0.6,40.0,20.0,0.5,36,-0.10986082017614751,0.11643537732004146,0.07905334117276788,0.06896852585093925,300
OLS,beta_ols,0.6,40.0,20.0,0.5,72,-0.1145213850799635,0.11474071209694849,0.054945714180927537,0.054484676406842465,300
OLS,beta_ols,1.0,20.0,40.0,2.0,36,-0.05076288364812342,0.09901565569425957,0.11224433795906716,0.07312585282056037,300
OLS,beta_ols,1.0,20.0,40.0,2.0,72,-0.054079379997997216,0.07688561265634082,0.07568181185217404,0.052258293069001364,300
OLS,beta_ols,1.0,30.0,30.0,1.0,36,-0.11349544327456317,0.1305199199634462,0.10268888118864486,0.07985536110907707,300
OLS,beta_ols,1.0,30.0,30.0,1.0,72,-0.1157769348637981,0.11898753238589826,0.06870485214324937,0.06296111213259507,300
OLS,beta_ols,1.0,40.0,20.0,0.5,36,-0.18885094328448995,0.19265383714766485,0.09511224107254958,0.08712441658596133,300
OLS,beta_ols,1.0,40.0,20.0,0.5,72,-0.18966259367650135,0.18966259367650135,0.0638331064882672,0.0638331064882672,300
OLS,beta_ols,1.4,20.0,40.0,2.0,36,-0.07809740191576602,0.11463861001346104,0.11691786392376793,0.08126146471204229,300
OLS,beta_ols,1.4,20.0,40.0,2.0,72,-0.08083510142433968,0.09560768093352888,0.08519176650861006,0.06813519360857075,300
OLS,beta_ols,1.4,30.0,30.0,1.0,36,-0.1606178276578678,0.1697181757792398,0.11426202329454552,0.10019772078248579,300
OLS,beta_ols,1.4,30.0,30.0,1.0,72,-0.16801420426611252,0.16926000256900434,0.08168756197194299,0.0790650167694607,300
OLS,beta_ols,1.4,40.0,20.0,0.5,36,-0.2614881543346425,0.26157253957406046,0.11374698532817354,0.11355214858654163,300
OLS,beta_ols,1.4,40.0,20.0,0.5,72,-0.2717725641920667,0.2717725641920667,0.08175675808237695,0.08175675808237695,300
Passing-Bablok,beta_pbablok,0.6,20.0,40.0,2.0,36,-0.031320001428788345,0.09284047914262794,0.11186941252502383,0.06964773400529119,300
Passing-Bablok,beta_pbablok,0.6,20.0,40.0,2.0,72,-0.03260999574437816,0.06353260672539056,0.07468714308728722,0.05094355670501282,300
Passing-Bablok,beta_pbablok,0.6,30.0,30.0,1.0,36,-0.06235039531519219,0.09187034361475904,0.09702836314000163,0.06961816548911404,300
Passing-Bablok,beta_pbablok,0.6,30.0,30.0,1.0,72,-0.06784473946227149,0.07672453812234878,0.06540545236497491,0.05467937139855394,300
Passing-Bablok,beta_pbablok,0.6,40.0,20.0,0.5,36,-0.10241061741673502,0.11169565507200913,0.08279799631605726,0.06971997284180828,300
Passing-Bablok,beta_pbablok,0.6,40.0,20.0,0.5,72,-0.10990070796733614,0.11037751855235832,0.05664764378670885,0.055709723409088335,300
Passing-Bablok,beta_pbablok,1.0,20.0,40.0,2.0,36,-0.047904853998142115,0.0988532561388634,0.11300683017109771,0.07258405788204854,300
Passing-Bablok,beta_pbablok,1.0,20.0,40.0,2.0,72,-0.05321441198178692,0.0769445306350249,0.07732914061798979,0.053672886817042825,300
Passing-Bablok,beta_pbablok,1.0,30.0,30.0,1.0,36,-0.10423131933900641,0.12437000808455094,0.10450818613647937,0.07939038289464127,300
Passing-Bablok,beta_pbablok,1.0,30.0,30.0,1.0,72,-0.10995211194227053,0.11380531970401957,0.07084647128101147,0.06445273510488986,300
Passing-Bablok,beta_pbablok,1.0,40.0,20.0,0.5,36,-0.17651904915687966,0.18151182831124962,0.09793811841197958,0.08830813917446412,300
Passing-Bablok,beta_pbablok,1.0,40.0,20.0,0.5,72,-0.1793816128723919,0.17939922870932395,0.066484890813963,0.06643718344322966,300
Passing-Bablok,beta_pbablok,1.4,20.0,40.0,2.0,36,-0.07672981981561239,0.11853899690419517,0.1218196120044676,0.08153946828089621,300
Passing-Bablok,beta_pbablok,1.4,20.0,40.0,2.0,72,-0.07884159852892537,0.09527262628335745,0.0873040249277492,0.0689314801975979,300
Passing-Bablok,beta_pbablok,1.4,30.0,30.0,1.0,36,-0.15353937211276114,0.1657200183929815,0.1202683806206695,0.10277495656755836,300
Passing-Bablok,beta_pbablok,1.4,30.0,30.0,1.0,72,-0.15913452853874072,0.1610591902259539,0.08308033414895925,0.07927178724961455,300
Passing-Bablok,beta_pbablok,1.4,40.0,20.0,0.5,36,-0.24704766756344573,0.24908853776388595,0.12148884628300109,0.11723311699712478,300
Passing-Bablok,beta_pbablok,1.4,40.0,20.0,0.5,72,-0.2564999876396588,0.2564999876396588,0.08317402172366543,0.08317402172366543,300
Quantile,beta_quantile,0.6,20.0,40.0,2.0,36,-0.03358465338225976,0.11772673899007718,0.14232234080033257,0.08649515460834152,300
Quantile,beta_quantile,0.6,20.0,40.0,2.0,72,-0.03604592954985966,0.0761531105718444,0.08793435917247908,0.05672225476797806,300
Quantile,beta_quantile,0.6,30.0,30.0,1.0,36,-0.06294618880476999,0.1086368743059072,0.11932055808455665,0.07982122471797765,300
Quantile,beta_quantile,0.6,30.0,30.0,1.0,72,-0.07516339237843882,0.08657641376252746,0.07588829772174888,0.0625053609943394,300
Quantile,beta_quantile,0.6,40.0,20.0,0.5,36,-0.10213487355298309,0.12176981029374347,0.10327431642188743,0.07908556507365767,300
Quantile,beta_quantile,0.6,40.0,20.0,0.5,72,-0.11642806855673342,0.11773815436026033,0.06778767410599096,0.06547797265900757,300
Quantile,beta_quantile,1.0,20.0,40.0,2.0,36,-0.0497220759623321,0.11337863006537646,0.13714668017990198,0.09160818262763064,300
Quantile,beta_quantile,1.0,20.0,40.0,2.0,72,-0.05976866491619497,0.08996650392366791,0.0917279482173937,0.0622672890942466,300
Quantile,beta_quantile,1.0,30.0,30.0,1.0,36,-0.10881096971924857,0.13348587760689498,0.12007971776841327,0.09176323194592413,300
Quantile,beta_quantile,1.0,30.0,30.0,1.0,72,-0.11308146630652083,0.12106458916866494,0.08852100918622254,0.07720427953058978,300
Quantile,beta_quantile,1.0,40.0,20.0,0.5,36,-0.1811543645807254,0.19066226994449914,0.1139186518651451,0.09711044468254519,300
Quantile,beta_quantile,1.0,40.0,20.0,0.5,72,-0.18376678870416477,0.1843636422305294,0.08112427539349977,0.0797539545285224,300
Quantile,beta_quantile,1.4,20.0,40.0,2.0,36,-0.08518855121377379,0.13183044196077656,0.14245646050859337,0.10068670984275394,300
Quantile,beta_quantile,1.4,20.0,40.0,2.0,72,-0.08939974946804818,0.10896700870642645,0.10105902133540856,0.07948868112656349,300
Quantile,beta_quantile,1.4,30.0,30.0,1.0,36,-0.15997192321992015,0.17921339210194576,0.14936456130472067,0.1255448962712781,300
Quantile,beta_quantile,1.4,30.0,30.0,1.0,72,-0.16843355339545538,0.17203157307318168,0.09624740011888769,0.08963517621064712,300
Quantile,beta_quantile,1.4,40.0,20.0,0.5,36,-0.2503132367813077,0.25684674669748353,0.1392985356457497,0.12680483112160887,300
Quantile,beta_quantile,1.4,40.0,20.0,0.5,72,-0.26833530803500205,0.26833530803500205,0.09530560105902418,0.09530560105902418,300
RMA,beta_rma,0.6,20.0,40.0,2.0,36,0.22868446084452004,0.22889075372647388,0.10275416243105513,0.10229226601499128,300
RMA,beta_rma,0.6,20.0,40.0,2.0,72,0.23717750694252446,0.23717750694252446,0.06980691160444066,0.06980691160444066,300
RMA,beta_rma,0.6,30.0,30.0,1.0,36,0.1453381885238624,0.14811790076421452,0.09083395368068978,0.08621110998984109,300
RMA,beta_rma,0.6,30.0,30.0,1.0,72,0.14895053489069915,0.1490191575236218,0.0622604567607119,0.06209547990842709,300
RMA,beta_rma,0.6,40.0,20.0,0.5,36,0.07359528861154238,0.08933244213648493,0.08117454277278398,0.06337753836099527,300
RMA,beta_rma,0.6,40.0,20.0,0.5,72,0.07230514660790413,0.07779110910016009,0.05673740819909151,0.048917861144376185,300
RMA,beta_rma,1.0,20.0,40.0,2.0,36,0.1445974317154101,0.14904740728921362,0.10472807545349963,0.0982694619492506,300
RMA,beta_rma,1.0,20.0,40.0,2.0,72,0.14279768175427496,0.1435989631518735,0.07442329357993453,0.07285996717919994,300
RMA,beta_rma,1.0,30.0,30.0,1.0,36,0.06443214457299916,0.08933290328875798,0.10074061251338537,0.07941661715757778,300
RMA,beta_rma,1.0,30.0,30.0,1.0,72,0.06248497519430586,0.07597353745460668,0.07148377798525733,0.056886536824643986,300
RMA,beta_rma,1.0,40.0,20.0,0.5,36,-0.010768277736027872,0.07774842963165755,0.09835648329059167,0.06103528757133819,300
RMA,beta_rma,1.0,40.0,20.0,0.5,72,-0.012816061835478846,0.057899753244144446,0.07035850705966729,0.04185124715959784,300
RMA,beta_rma,1.4,20.0,40.0,2.0,36,0.0865479566756281,0.11391776614405148,0.11513857982250417,0.08804449857261554,300
RMA,beta_rma,1.4,20.0,40.0,2.0,72,0.08190889119665816,0.09517813177076383,0.08235253966611457,0.06651519812639202,300
RMA,beta_rma,1.4,30.0,30.0,1.0,36,0.009810491926365824,0.09334246734986108,0.11525752445704687,0.0681095332787005,300
RMA,beta_rma,1.4,30.0,30.0,1.0,72,0.00010004250538868517,0.06490335794935556,0.080170685562111,0.04691283986966366,300
RMA,beta_rma,1.4,40.0,20.0,0.5,36,-0.06846212464985243,0.11439194854980028,0.11902128540044828,0.07575963646553563,300
RMA,beta_rma,1.4,40.0,20.0,0.5,72,-0.08231410514236383,0.09720030098150839,0.08137943158442937,0.0627804736052602,300
Ridge,beta_ridge,0.6,20.0,40.0,2.0,36,-0.1462783429281802,0.15103817162605837,0.09010077240531698,0.08184277903811576,300
Ridge,beta_ridge,0.6,20.0,40.0,2.0,72,-0.13403292181149415,0.1354554599800028,0.06782255534719822,0.06492502886112855,300
Ridge,beta_ridge,0.6,30.0,30.0,1.0,36,-0.15999414025033307,0.1615712074196364,0.07890926177754651,0.07561643574127634,300
Ridge,beta_ridge,0.6,30.0,30.0,1.0,72,-0.14996323214490942,0.15031729546608652,0.059341917280561415,0.058436198079389955,300
Ridge,beta_ridge,0.6,40.0,20.0,0.5,36,-0.17736287427202346,0.17781778984470425,0.07029901780950597,0.06913634570712635,300
Ridge,beta_ridge,0.6,40.0,20.0,0.5,72,-0.16958862373662395,0.16958862373662395,0.05274024507390938,0.05274024507390938,300
Ridge,beta_ridge,1.0,20.0,40.0,2.0,36,-0.23924539895917263,0.23969879332218805,0.10179046344259211,0.10071455502905792,300
Ridge,beta_ridge,1.0,20.0,40.0,2.0,72,-0.22413395285768564,0.22413395285768564,0.07291845457258662,0.07291845457258662,300
Ridge,beta_ridge,1.0,30.0,30.0,1.0,36,-0.2659139410219491,0.2659345913750607,0.09390798464289057,0.0938492940182304,300
Ridge,beta_ridge,1.0,30.0,30.0,1.0,72,-0.2502254940837615,0.2502254940837615,0.06690381163740759,0.06690381163740759,300
Ridge,beta_ridge,1.0,40.0,20.0,0.5,36,-0.2988351731186435,0.2988351731186435,0.08880811873822869,0.08880811873822869,300
Ridge,beta_ridge,1.0,40.0,20.0,0.5,72,-0.28246601958120315,0.28246601958120315,0.06314460253808965,0.06314460253808965,300
Ridge,beta_ridge,1.4,20.0,40.0,2.0,36,-0.34134842273965127,0.3414041794194818,0.1256353068920467,0.12548320605495358,300
Ridge,beta_ridge,1.4,20.0,40.0,2.0,72,-0.31218529021471203,0.31218529021471203,0.09484787780944662,0.09484787780944662,300
Ridge,beta_ridge,1.4,30.0,30.0,1.0,36,-0.3751532650389714,0.3751532650389714,0.12089979026169255,0.12089979026169255,300
Ridge,beta_ridge,1.4,30.0,30.0,1.0,72,-0.3490637071760732,0.3490637071760732,0.0897549425266051,0.0897549425266051,300
Ridge,beta_ridge,1.4,40.0,20.0,0.5,36,-0.4178832441055364,0.4178832441055364,0.11845228634839462,0.11845228634839462,300
Ridge,beta_ridge,1.4,40.0,20.0,0.5,72,-0.3946279359319056,0.3946279359319056,0.08686199949260341,0.08686199949260341,300
SMA,beta_sma,0.6,20.0,40.0,2.0,36,0.22868446084452004,0.22889075372647388,0.10275416243105513,0.10229226601499128,300
SMA,beta_sma,0.6,20.0,40.0,2.0,72,0.23717750694252446,0.23717750694252446,0.06980691160444066,0.06980691160444066,300
SMA,beta_sma,0.6,30.0,30.0,1.0,36,0.1453381885238624,0.14811790076421452,0.09083395368068978,0.08621110998984109,300
SMA,beta_sma,0.6,30.0,30.0,1.0,72,0.14895053489069915,0.1490191575236218,0.0622604567607119,0.06209547990842709,300
SMA,beta_sma,0.6,40.0,20.0,0.5,36,0.07359528861154238,0.08933244213648493,0.08117454277278398,0.06337753836099527,300
SMA,beta_sma,0.6,40.0,20.0,0.5,72,0.07230514660790413,0.07779110910016009,0.05673740819909151,0.048917861144376185,300
SMA,beta_sma,1.0,20.0,40.0,2.0,36,0.1445974317154101,0.14904740728921362,0.10472807545349963,0.0982694619492506,300
SMA,beta_sma,1.0,20.0,40.0,2.0,72,0.14279768175427496,0.1435989631518735,0.07442329357993453,0.07285996717919994,300
SMA,beta_sma,1.0,30.0,30.0,1.0,36,0.06443214457299916,0.08933290328875798,0.10074061251338537,0.07941661715757778,300
SMA,beta_sma,1.0,30.0,30.0,1.0,72,0.06248497519430586,0.07597353745460668,0.07148377798525733,0.056886536824643986,300
SMA,beta_sma,1.0,40.0,20.0,0.5,36,-0.010768277736027872,0.07774842963165755,0.09835648329059167,0.06103528757133819,300
SMA,beta_sma,1.0,40.0,20.0,0.5,72,-0.012816061835478846,0.057899753244144446,0.07035850705966729,0.04185124715959784,300
SMA,beta_sma,1.4,20.0,40.0,2.0,36,0.0865479566756281,0.11391776614405148,0.11513857982250417,0.08804449857261554,300
SMA,beta_sma,1.4,20.0,40.0,2.0,72,0.08190889119665816,0.09517813177076383,0.08235253966611457,0.06651519812639202,300
SMA,beta_sma,1.4,30.0,30.0,1.0,36,0.009810491926365824,0.09334246734986108,0.11525752445704687,0.0681095332787005,300
SMA,beta_sma,1.4,30.0,30.0,1.0,72,0.00010004250538868517,0.06490335794935556,0.080170685562111,0.04691283986966366,300
SMA,beta_sma,1.4,40.0,20.0,0.5,36,-0.06846212464985243,0.11439194854980028,0.11902128540044828,0.07575963646553563,300
SMA,beta_sma,1.4,40.0,20.0,0.5,72,-0.08231410514236383,0.09720030098150839,0.08137943158442937,0.0627804736052602,300
SMA (Major Axis),beta_majoraxis,0.6,20.0,40.0,2.0,36,0.1670132257976021,0.18228658286425184,0.1427390842365808,0.12256272974633592,300
SMA (Major Axis),beta_majoraxis,0.6,20.0,40.0,2.0,72,0.17323112794013207,0.17736837055613702,0.09736081364775213,0.08957545214211672,300
SMA (Major Axis),beta_majoraxis,0.6,30.0,30.0,1.0,36,0.07359304421178328,0.10991177244765044,0.11570689167666844,0.0818604506293213,300
SMA (Major Axis),beta_majoraxis,0.6,30.0,30.0,1.0,72,0.07196007276102823,0.08957406129320047,0.0803403046087853,0.05999823529761102,300
SMA (Major Axis),beta_majoraxis,0.6,40.0,20.0,0.5,36,-0.003926019444452758,0.0759763731569767,0.09741569236388495,0.060939045802125766,300
SMA (Major Axis),beta_majoraxis,0.6,40.0,20.0,0.5,72,-0.011737025607936893,0.056341735097128684,0.06865890293413485,0.04083204188043157,300
SMA (Major Axis),beta_majoraxis,1.0,20.0,40.0,2.0,36,0.1708948982538238,0.17628269443846545,0.12352668941977428,0.115680875527988,300
SMA (Major Axis),beta_majoraxis,1.0,20.0,40.0,2.0,72,0.17242180376190586,0.17344920075785383,0.09041486641524542,0.08842122362259908,300
SMA (Major Axis),beta_majoraxis,1.0,30.0,30.0,1.0,36,0.07562760238010967,0.10505963941718574,0.11922091609082813,0.09422232914274088,300
SMA (Major Axis),beta_majoraxis,1.0,30.0,30.0,1.0,72,0.07498618499314537,0.09097071485029974,0.08600263682486597,0.06881016254918684,300
SMA (Major Axis),beta_majoraxis,1.0,40.0,20.0,0.5,36,-0.011885917205482604,0.0927070288268679,0.11870895562175085,0.07490144198615954,300
SMA (Major Axis),beta_majoraxis,1.0,40.0,20.0,0.5,72,-0.014388177353503607,0.06944742440487782,0.08480973226435896,0.05060956136164849,300
SMA (Major Axis),beta_majoraxis,1.4,20.0,40.0,2.0,36,0.1402994076296411,0.1557483138111724,0.12989600815567362,0.11083349265835893,300
SMA (Major Axis),beta_majoraxis,1.4,20.0,40.0,2.0,72,0.14267896761791612,0.14632989152148967,0.09308322657215246,0.08721128819887282,300
SMA (Major Axis),beta_majoraxis,1.4,30.0,30.0,1.0,36,0.060790616718684104,0.11347553303752783,0.13267390042420607,0.0915994540947049,300
SMA (Major Axis),beta_majoraxis,1.4,30.0,30.0,1.0,72,0.055937552502229856,0.086108633979912,0.09207317375392299,0.06463318696780325,300
SMA (Major Axis),beta_majoraxis,1.4,40.0,20.0,0.5,36,-0.015282947311188589,0.11638825084748113,0.14305933820890207,0.08431366352680456,300
SMA (Major Axis),beta_majoraxis,1.4,40.0,20.0,0.5,72,-0.027278923130549314,0.08227247492954895,0.09660139653728984,0.05733288843845516,300
SVM Linear,beta_svm_linear,0.6,20.0,40.0,2.0,36,0.05983551226092865,0.10953868368384656,0.1193814245954766,0.07619274599853927,300
SVM Linear,beta_svm_linear,0.6,20.0,40.0,2.0,72,0.06545973325795304,0.08777619360934677,0.08157095960118499,0.05676883736169688,300
SVM Linear,beta_svm_linear,0.6,30.0,30.0,1.0,36,0.09774386271337882,0.12291601107607396,0.10923988750814695,0.0797514456018209,300
SVM Linear,beta_svm_linear,0.6,30.0,30.0,1.0,72,0.09320654918294632,0.10200964716753644,0.07377686944701675,0.060981732057074314,300
SVM Linear,beta_svm_linear,0.6,40.0,20.0,0.5,36,0.11524051382449066,0.1285239444637493,0.09938251582477442,0.08141269343089744,300
SVM Linear,beta_svm_linear,0.6,40.0,20.0,0.5,72,0.10692492428743099,0.11163576142831737,0.06884062638684396,0.06087679816292756,300
SVM Linear,beta_svm_linear,1.0,20.0,40.0,2.0,36,-0.18749184194715499,0.18749184194715499,0.07447575816999855,0.07447575816999855,300
SVM Linear,beta_svm_linear,1.0,20.0,40.0,2.0,72,-0.1829833751735094,0.1829833751735094,0.05470625933603604,0.05470625933603604,300
SVM Linear,beta_svm_linear,1.0,30.0,30.0,1.0,36,-0.18134939186554766,0.18134939186554766,0.07430663149372985,0.07430663149372985,300
SVM Linear,beta_svm_linear,1.0,30.0,30.0,1.0,72,-0.17523645059509177,0.17523645059509177,0.05101564628564988,0.05101564628564988,300
SVM Linear,beta_svm_linear,1.0,40.0,20.0,0.5,36,-0.18910762965357628,0.18910762965357628,0.07481314490168572,0.07481314490168572,300
SVM Linear,beta_svm_linear,1.0,40.0,20.0,0.5,72,-0.1839027160267696,0.1839027160267696,0.051353747604974714,0.051353747604974714,300
SVM Linear,beta_svm_linear,1.4,20.0,40.0,2.0,36,-0.5278877912089235,0.5278877912089235,0.05944393045775769,0.05944393045775769,300
SVM Linear,beta_svm_linear,1.4,20.0,40.0,2.0,72,-0.5207006655231371,0.5207006655231371,0.041364883317467946,0.041364883317467946,300
SVM Linear,beta_svm_linear,1.4,30.0,30.0,1.0,36,-0.5324534879623993,0.5324534879623993,0.05988637049538383,0.05988637049538383,300
SVM Linear,beta_svm_linear,1.4,30.0,30.0,1.0,72,-0.5285824908536013,0.5285824908536013,0.041917551054935207,0.041917551054935207,300
SVM Linear,beta_svm_linear,1.4,40.0,20.0,0.5,36,-0.5502134989547148,0.5502134989547148,0.06325049753960042,0.06325049753960042,300
SVM Linear,beta_svm_linear,1.4,40.0,20.0,0.5,72,-0.5491079324763565,0.5491079324763565,0.04539255522054987,0.04539255522054987,300
SVM RBF,beta_svm_rbf,0.6,20.0,40.0,2.0,36,-0.26425232236176216,0.26509309832701916,0.11000499115969911,0.10795623499823756,300
SVM RBF,beta_svm_rbf,0.6,20.0,40.0,2.0,72,-0.23229278613687512,0.23307511503477443,0.0870019059950009,0.08487663554577901,300
SVM RBF,beta_svm_rbf,0.6,30.0,30.0,1.0,36,-0.267754490227682,0.26856748236443206,0.09413448628131042,0.09178135802843018,300
SVM RBF,beta_svm_rbf,0.6,30.0,30.0,1.0,72,-0.2401808359303547,0.24050629765241338,0.0770128623416191,0.07598692305574672,300
SVM RBF,beta_svm_rbf,0.6,40.0,20.0,0.5,36,-0.2749353499089799,0.2749353499089799,0.08150919634720441,0.08150919634720441,300
SVM RBF,beta_svm_rbf,0.6,40.0,20.0,0.5,72,-0.24603936223383097,0.24603936223383097,0.06674369906005674,0.06674369906005674,300
SVM RBF,beta_svm_rbf,1.0,20.0,40.0,2.0,36,-0.41481044389797456,0.41481044389797456,0.11983943312544926,0.11983943312544926,300
SVM RBF,beta_svm_rbf,1.0,20.0,40.0,2.0,72,-0.3645182779366746,0.3645182779366746,0.08965315424451832,0.08965315424451832,300
SVM RBF,beta_svm_rbf,1.0,30.0,30.0,1.0,36,-0.4262273980708743,0.4262273980708743,0.10706176110632236,0.10706176110632236,300
SVM RBF,beta_svm_rbf,1.0,30.0,30.0,1.0,72,-0.377703271694622,0.377703271694622,0.07841960085460495,0.07841960085460495,300
SVM RBF,beta_svm_rbf,1.0,40.0,20.0,0.5,36,-0.4388460433731232,0.4388460433731232,0.1052212951504114,0.1052212951504114,300
SVM RBF,beta_svm_rbf,1.0,40.0,20.0,0.5,72,-0.39372383093166813,0.39372383093166813,0.073222422477023,0.073222422477023,300
SVM RBF,beta_svm_rbf,1.4,20.0,40.0,2.0,36,-0.5818049293402014,0.5818049293402014,0.13333551937423346,0.13333551937423346,300
SVM RBF,beta_svm_rbf,1.4,20.0,40.0,2.0,72,-0.5023454323544232,0.5023454323544232,0.1096937918530549,0.1096937918530549,300
SVM RBF,beta_svm_rbf,1.4,30.0,30.0,1.0,36,-0.5914815034590701,0.5914815034590701,0.12582772998349226,0.12582772998349226,300
SVM RBF,beta_svm_rbf,1.4,30.0,30.0,1.0,72,-0.5237034336337771,0.5237034336337771,0.0971160297938134,0.0971160297938134,300
SVM RBF,beta_svm_rbf,1.4,40.0,20.0,0.5,36,-0.6038255349803944,0.6038255349803944,0.1260961103150255,0.1260961103150255,300
SVM RBF,beta_svm_rbf,1.4,40.0,20.0,0.5,72,-0.5382978767571794,0.5382978767571794,0.09466184186732408,0.09466184186732408,300
Theil-Sen,beta_theilsen,0.6,20.0,40.0,2.0,36,-0.03006224593330939,0.09730057180950857,0.1179829692771297,0.07299094041974395,300
Theil-Sen,beta_theilsen,0.6,20.0,40.0,2.0,72,-0.03206636008811757,0.06570406941484624,0.07644713374370571,0.050441963953545575,300
Theil-Sen,beta_theilsen,0.6,30.0,30.0,1.0,36,-0.05935164318212856,0.09509888774739228,0.10246811480138826,0.07042775135278899,300
Theil-Sen,beta_theilsen,0.6,30.0,30.0,1.0,72,-0.06661323308138122,0.0764278692683392,0.06658963853578846,0.05500534769789664,300
Theil-Sen,beta_theilsen,0.6,40.0,20.0,0.5,36,-0.09697273135083795,0.10991532618124784,0.08767681924894286,0.07071492711822516,300
Theil-Sen,beta_theilsen,0.6,40.0,20.0,0.5,72,-0.10786817472141502,0.10886796472508534,0.059166359039835595,0.0572995872460394,300
Theil-Sen,beta_theilsen,1.0,20.0,40.0,2.0,36,-0.04645983138829521,0.10093009346602258,0.11699690992233976,0.07505370322909857,300
Theil-Sen,beta_theilsen,1.0,20.0,40.0,2.0,72,-0.05243084748766266,0.07888849049256018,0.081189141502122,0.05572841704636438,300
Theil-Sen,beta_theilsen,1.0,30.0,30.0,1.0,36,-0.10043397611872744,0.12178368985587494,0.10668857884046634,0.08137752840938539,300
Theil-Sen,beta_theilsen,1.0,30.0,30.0,1.0,72,-0.10645732452988946,0.11108074151876404,0.07499622382941347,0.0679360038699587,300
Theil-Sen,beta_theilsen,1.0,40.0,20.0,0.5,36,-0.17024093146621366,0.17632640571664704,0.09901987722350081,0.08768612135451703,300
Theil-Sen,beta_theilsen,1.0,40.0,20.0,0.5,72,-0.17338354431192463,0.17352220146746147,0.07055211044797266,0.07020924762397507,300
Theil-Sen,beta_theilsen,1.4,20.0,40.0,2.0,36,-0.07494384931716586,0.1191824601930521,0.12552740709700175,0.08450165480278124,300
Theil-Sen,beta_theilsen,1.4,20.0,40.0,2.0,72,-0.07650874804022881,0.0946510321220288,0.08928746667635952,0.06968957574803732,300
Theil-Sen,beta_theilsen,1.4,30.0,30.0,1.0,36,-0.1463979508902038,0.1617474463519559,0.12530798070539959,0.1046727981253944,300
Theil-Sen,beta_theilsen,1.4,30.0,30.0,1.0,72,-0.15445531369238172,0.1567366470154408,0.08583115597660389,0.08157622441595062,300
Theil-Sen,beta_theilsen,1.4,40.0,20.0,0.5,36,-0.23526563734454234,0.23922527794729026,0.12619639995437465,0.11849233819302377,300
Theil-Sen,beta_theilsen,1.4,40.0,20.0,0.5,72,-0.2485796164833331,0.2485796164833331,0.08638411428225178,0.08638411428225178,300
Trimmed Mean,beta_trimmed,0.6,20.0,40.0,2.0,36,-0.005254700796260616,0.07464753721702026,0.09309680956301473,0.05571201901214274,300
Trimmed Mean,beta_trimmed,0.6,20.0,40.0,2.0,72,0.014262780991794592,0.052626149718070066,0.06500790441887026,0.0406369376464974,300
Trimmed Mean,beta_trimmed,0.6,30.0,30.0,1.0,36,-0.023915205624294892,0.06717769372006879,0.08118109963110319,0.051344767775845526,300
Trimmed Mean,beta_trimmed,0.6,30.0,30.0,1.0,72,-0.011665558456201267,0.04698365537678436,0.05709679043960523,0.03437640429637193,300
Trimmed Mean,beta_trimmed,0.6,40.0,20.0,0.5,36,-0.04562489519399451,0.0670424949005562,0.07041552709285581,0.05037073498597645,300
Trimmed Mean,beta_trimmed,0.6,40.0,20.0,0.5,72,-0.03757025997249071,0.05011311346622322,0.05012667413341608,0.03753938588882926,300
Trimmed Mean,beta_trimmed,1.0,20.0,40.0,2.0,36,-0.08985007679177609,0.10288571817003561,0.08625168658321551,0.07013213202891762,300
Trimmed Mean,beta_trimmed,1.0,20.0,40.0,2.0,72,-0.07471656027304548,0.0806926188329883,0.0576626937723293,0.04891978907379166,300
Trimmed Mean,beta_trimmed,1.0,30.0,30.0,1.0,36,-0.11831076974158253,0.12346804837807906,0.07822895245755314,0.06977591250355569,300
Trimmed Mean,beta_trimmed,1.0,30.0,30.0,1.0,72,-0.10231666841057005,0.10345540047713758,0.05324712296036782,0.05099169710725354,300
Trimmed Mean,beta_trimmed,1.0,40.0,20.0,0.5,36,-0.16174073254163537,0.16299977033932048,0.07274315829419335,0.06986658059759547,300
Trimmed Mean,beta_trimmed,1.0,40.0,20.0,0.5,72,-0.14568176292408086,0.14568176292408086,0.0507473648118312,0.0507473648118312,300
Trimmed Mean,beta_trimmed,1.4,20.0,40.0,2.0,36,-0.18838901239119385,0.18981203507261268,0.09807944123398978,0.09528687297834736,300
Trimmed Mean,beta_trimmed,1.4,20.0,40.0,2.0,72,-0.1665788904561694,0.167182265658362,0.07563510739527349,0.07428736597305746,300
Trimmed Mean,beta_trimmed,1.4,30.0,30.0,1.0,36,-0.23056452743010125,0.23056452743010125,0.09448718411384936,0.09448718411384936,300
Trimmed Mean,beta_trimmed,1.4,30.0,30.0,1.0,72,-0.21565203237825586,0.21565203237825586,0.07065811273728972,0.07065811273728972,300
Trimmed Mean,beta_trimmed,1.4,40.0,20.0,0.5,36,-0.28966455333279584,0.28966455333279584,0.0911743303599232,0.0911743303599232,300
Trimmed Mean,beta_trimmed,1.4,40.0,20.0,0.5,72,-0.2801123385703302,0.2801123385703302,0.06847165470683328,0.06847165470683328,300
