method,method_col,beta_true,sigma_x_me,sigma_y_me,error_ratio,n_per_habitat,n_habitats,mean_bias,rmse,sd_bias,sd_rmse,n_sim
Deming (MCR),beta_deming_mcr,0.6,0.2,0.4,2.0,36,6,0.9894721433358246,1.7783401810892365,4.017283624014574,3.732703323652047,100
Deming (MCR),beta_deming_mcr,0.6,0.2,0.4,2.0,36,12,1.7051095357972088,1.7051095357972088,1.160656568028226,1.160656568028226,100
Deming (MCR),beta_deming_mcr,0.6,0.2,0.4,2.0,72,6,1.1354305283599373,1.4257105508641672,1.9746029395556208,1.7742883368044216,100
Deming (MCR),beta_deming_mcr,0.6,0.2,0.4,2.0,72,12,1.6365003340197446,1.6365003340197446,0.7643448991176262,0.7643448991176262,100
Deming (MCR),beta_deming_mcr,0.6,0.3,0.3,1.0,36,6,0.470474578134704,0.5567160753399674,0.796354768822895,0.7380376990575004,100
Deming (MCR),beta_deming_mcr,0.6,0.3,0.3,1.0,36,12,0.5273446583413053,0.5510288779994763,0.36476183957742564,0.327494701796198,100
Deming (MCR),beta_deming_mcr,0.6,0.3,0.3,1.0,72,6,0.45472736289322,0.559917605597528,1.4489929261616528,1.41130140692321,100
Deming (MCR),beta_deming_mcr,0.6,0.3,0.3,1.0,72,12,0.5389102601118193,0.5480630777871571,0.41204589581821516,0.39966543240172137,100
Deming (MCR),beta_deming_mcr,0.6,0.4,0.2,0.5,36,6,0.018121876929161108,0.19702590102230239,0.24614463815719717,0.14733493696641217,100
Deming (MCR),beta_deming_mcr,0.6,0.4,0.2,0.5,36,12,-0.04357182073603465,0.1651211668027231,0.193829255534729,0.10930259330467651,100
Deming (MCR),beta_deming_mcr,0.6,0.4,0.2,0.5,72,6,-0.03727314875142534,0.21435971183677233,0.27108089573521016,0.1687422428336933,100
Deming (MCR),beta_deming_mcr,0.6,0.4,0.2,0.5,72,12,-0.034454022748013784,0.15391392604042287,0.19117102882689832,0.11754423923022976,100
Deming (MCR),beta_deming_mcr,1.0,0.2,0.4,2.0,36,6,0.7152371792591738,0.7152371792591738,0.33315217685465576,0.33315217685465576,100
Deming (MCR),beta_deming_mcr,1.0,0.2,0.4,2.0,36,12,0.9636636615040388,0.9636636615040388,0.3790552415299785,0.3790552415299785,100
Deming (MCR),beta_deming_mcr,1.0,0.2,0.4,2.0,72,6,0.7181680768153689,0.7181680768153689,0.38858047199940465,0.38858047199940465,100
Deming (MCR),beta_deming_mcr,1.0,0.2,0.4,2.0,72,12,0.9241685369958781,0.9241685369958781,0.31344975408252146,0.31344975408252146,100
Deming (MCR),beta_deming_mcr,1.0,0.3,0.3,1.0,36,6,0.305748963673838,0.3375601325508055,0.2518538212458043,0.2067830305428024,100
Deming (MCR),beta_deming_mcr,1.0,0.3,0.3,1.0,36,12,0.5110476930608979,0.5166727580438777,0.3166281997710947,0.30726865880926457,100
Deming (MCR),beta_deming_mcr,1.0,0.3,0.3,1.0,72,6,0.30680167744870257,0.36393561124333584,0.32366820790853096,0.2570061467584113,100
Deming (MCR),beta_deming_mcr,1.0,0.3,0.3,1.0,72,12,0.4996400961151427,0.4996400961151427,0.29412792817802974,0.29412792817802974,100
Deming (MCR),beta_deming_mcr,1.0,0.4,0.2,0.5,36,6,-0.04328833807771609,0.2165228755176641,0.25749233166351837,0.14435856889036316,100
Deming (MCR),beta_deming_mcr,1.0,0.4,0.2,0.5,36,12,-0.006810025858210774,0.14617110208749418,0.18458077124618794,0.11196024668512476,100
Deming (MCR),beta_deming_mcr,1.0,0.4,0.2,0.5,72,6,-0.04000826719094878,0.19570840121850858,0.2410718818749906,0.1450648717460799,100
Deming (MCR),beta_deming_mcr,1.0,0.4,0.2,0.5,72,12,-0.052303055742111304,0.1618076729391527,0.19369939735279174,0.11762871131110832,100
Deming (MCR),beta_deming_mcr,1.4,0.2,0.4,2.0,36,6,0.5315905134855167,0.5336353233032615,0.28653412251238114,0.2826687412036504,100
Deming (MCR),beta_deming_mcr,1.4,0.2,0.4,2.0,36,12,0.716473743802389,0.716473743802389,0.24478946839685214,0.24478946839685214,100
Deming (MCR),beta_deming_mcr,1.4,0.2,0.4,2.0,72,6,0.5285990158380686,0.5285990158380686,0.2722288908399804,0.2722288908399804,100
Deming (MCR),beta_deming_mcr,1.4,0.2,0.4,2.0,72,12,0.6954935819153053,0.6954935819153053,0.25207507213531727,0.25207507213531727,100
Deming (MCR),beta_deming_mcr,1.4,0.3,0.3,1.0,36,6,0.2855064645585441,0.34126077728869847,0.3563415473945604,0.3027892699962057,100
Deming (MCR),beta_deming_mcr,1.4,0.3,0.3,1.0,36,12,0.36894553236013294,0.3800318032731034,0.26474286002213543,0.2483979547055231,100
Deming (MCR),beta_deming_mcr,1.4,0.3,0.3,1.0,72,6,0.28610388394892533,0.3162111241003141,0.28548071392130214,0.2513603454793076,100
Deming (MCR),beta_deming_mcr,1.4,0.3,0.3,1.0,72,12,0.4089722127135424,0.4156414564457434,0.2732368843403594,0.2628750547579569,100
Deming (MCR),beta_deming_mcr,1.4,0.4,0.2,0.5,36,6,-0.034710325131866324,0.24755085819810602,0.32486961405600645,0.21179426540931984,100
Deming (MCR),beta_deming_mcr,1.4,0.4,0.2,0.5,36,12,-0.0716081581810285,0.18316966925785055,0.21743172975478392,0.13625730307613038,100
Deming (MCR),beta_deming_mcr,1.4,0.4,0.2,0.5,72,6,-0.033332903028571,0.20847756098294387,0.2716180626846829,0.17605898130085984,100
Deming (MCR),beta_deming_mcr,1.4,0.4,0.2,0.5,72,12,-0.019333233206054082,0.14495961544432695,0.1897524642746197,0.12311783596648854,100
Deming (Std),beta_deming_std,0.6,0.2,0.4,2.0,36,6,0.05807241219866339,0.26206883873619236,0.32491677850977896,0.19900645299327796,100
Deming (Std),beta_deming_std,0.6,0.2,0.4,2.0,36,12,0.10291827928136892,0.21817685568112968,0.2538256789430069,0.16445266548510096,100
Deming (Std),beta_deming_std,0.6,0.2,0.4,2.0,72,6,0.11196576214979582,0.2732606083668224,0.3310064392720509,0.21633910441932283,100
Deming (Std),beta_deming_std,0.6,0.2,0.4,2.0,72,12,0.16083095362572636,0.22976426068794772,0.22419721374790547,0.15187956053919122,100
Deming (Std),beta_deming_std,0.6,0.3,0.3,1.0,36,6,0.4704753392154558,0.556716631977782,0.7963513866646679,0.7380341155931198,100
Deming (Std),beta_deming_std,0.6,0.3,0.3,1.0,36,12,0.5273448333633204,0.5510290205822764,0.3647613245714086,0.3274941705320998,100
Deming (Std),beta_deming_std,0.6,0.3,0.3,1.0,72,6,0.454727363255015,0.5599167510937219,1.448992606196952,1.4113014209697092,100
Deming (Std),beta_deming_std,0.6,0.3,0.3,1.0,72,12,0.5389111126030084,0.5480645335707286,0.41204460127980186,0.39966324238215717,100
Deming (Std),beta_deming_std,0.6,0.4,0.2,0.5,36,6,0.8548204847703671,0.9796303734296589,0.9272742371785831,0.7928223006875877,100
Deming (Std),beta_deming_std,0.6,0.4,0.2,0.5,36,12,1.1234811508812697,1.1234811508812697,0.5689042812379876,0.5689042812379876,100
Deming (Std),beta_deming_std,0.6,0.4,0.2,0.5,72,6,0.3200065536055512,1.8355095873918774,6.0132234658024615,5.732291715997763,100
Deming (Std),beta_deming_std,0.6,0.4,0.2,0.5,72,12,1.512240797469556,1.512240797469556,2.644195732559016,2.644195732559016,100
Deming (Std),beta_deming_std,1.0,0.2,0.4,2.0,36,6,0.09387162753238514,0.22478968664834365,0.26854246430586987,0.17313328729020355,100
Deming (Std),beta_deming_std,1.0,0.2,0.4,2.0,36,12,0.13927827713042576,0.2034140674717108,0.2103764288365068,0.14851730173988723,100
Deming (Std),beta_deming_std,1.0,0.2,0.4,2.0,72,6,0.13559466261418915,0.23865141226583184,0.277982121398135,0.195744461257392,100
Deming (Std),beta_deming_std,1.0,0.2,0.4,2.0,72,12,0.17535906194813008,0.2306977353309185,0.22711514583983514,0.1699519602225867,100
Deming (Std),beta_deming_std,1.0,0.3,0.3,1.0,36,6,0.305747836594477,0.33755839473816224,0.2518530710491608,0.20678329902211026,100
Deming (Std),beta_deming_std,1.0,0.3,0.3,1.0,36,12,0.5110476952437382,0.5166731264209949,0.3166270649316819,0.3072668673823783,100
Deming (Std),beta_deming_std,1.0,0.3,0.3,1.0,72,6,0.30680362029171176,0.36393612636790307,0.3236673576487821,0.25700668185256637,100
Deming (Std),beta_deming_std,1.0,0.3,0.3,1.0,72,12,0.4996407628366954,0.4996407628366954,0.29412537537905614,0.29412537537905614,100
Deming (Std),beta_deming_std,1.0,0.4,0.2,0.5,36,6,0.576006582995993,0.5778235944268026,0.41981005412429717,0.417280219907531,100
Deming (Std),beta_deming_std,1.0,0.4,0.2,0.5,36,12,0.6945838859443378,0.6945838859443378,0.2835181742716501,0.2835181742716501,100
Deming (Std),beta_deming_std,1.0,0.4,0.2,0.5,72,6,0.48526912761431445,0.489562516349993,0.3054067297047495,0.2984051998153679,100
Deming (Std),beta_deming_std,1.0,0.4,0.2,0.5,72,12,0.707841084140061,0.707841084140061,0.3191402914232413,0.3191402914232413,100
Deming (Std),beta_deming_std,1.4,0.2,0.4,2.0,36,6,0.1068025971828212,0.21138626364175853,0.2546752751122541,0.1767653900963059,100
Deming (Std),beta_deming_std,1.4,0.2,0.4,2.0,36,12,0.2165922102609525,0.23761847078015869,0.2122511275183848,0.18815876492875924,100
Deming (Std),beta_deming_std,1.4,0.2,0.4,2.0,72,6,0.16047000665637812,0.24054708248825685,0.2779818863598992,0.21174816850233336,100
Deming (Std),beta_deming_std,1.4,0.2,0.4,2.0,72,12,0.2211545835924314,0.26790439878695954,0.24366254154914166,0.19046541287647703,100
Deming (Std),beta_deming_std,1.4,0.3,0.3,1.0,36,6,0.2855091734361882,0.34126326868908113,0.3563416040771722,0.3027890804513838,100
Deming (Std),beta_deming_std,1.4,0.3,0.3,1.0,36,12,0.3689463477254693,0.3800327514886387,0.26474474282876687,0.24839971934069902,100
Deming (Std),beta_deming_std,1.4,0.3,0.3,1.0,72,6,0.28610685632713706,0.31621370428357687,0.2854808241005202,0.2513606093640678,100
Deming (Std),beta_deming_std,1.4,0.3,0.3,1.0,72,12,0.4089738013321888,0.4156429672064556,0.2732390500399453,0.2628773894591679,100
Deming (Std),beta_deming_std,1.4,0.4,0.2,0.5,36,6,0.4193933271637516,0.4460258801300365,0.39585988368048186,0.3652723823245438,100
Deming (Std),beta_deming_std,1.4,0.4,0.2,0.5,36,12,0.49995106640092773,0.5010168224518965,0.2823035621831899,0.2803885482768197,100
Deming (Std),beta_deming_std,1.4,0.4,0.2,0.5,72,6,0.41982066807186996,0.4311841661902418,0.30508669849689246,0.2886344072374021,100
Deming (Std),beta_deming_std,1.4,0.4,0.2,0.5,72,12,0.5839791910555472,0.5849675562287387,0.2600581887291509,0.2578046646330709,100
Deming (Wtd),beta_deming_wtd,0.6,0.2,0.4,2.0,36,6,0.05807241219866339,0.26206883873619236,0.32491677850977896,0.19900645299327796,100
Deming (Wtd),beta_deming_wtd,0.6,0.2,0.4,2.0,36,12,0.10291827928136892,0.21817685568112968,0.2538256789430069,0.16445266548510096,100
Deming (Wtd),beta_deming_wtd,0.6,0.2,0.4,2.0,72,6,0.11196576214979582,0.2732606083668224,0.3310064392720509,0.21633910441932283,100
Deming (Wtd),beta_deming_wtd,0.6,0.2,0.4,2.0,72,12,0.16083095362572636,0.22976426068794772,0.22419721374790547,0.15187956053919122,100
Deming (Wtd),beta_deming_wtd,0.6,0.3,0.3,1.0,36,6,0.4704753392154558,0.556716631977782,0.7963513866646679,0.7380341155931198,100
Deming (Wtd),beta_deming_wtd,0.6,0.3,0.3,1.0,36,12,0.5273448333633204,0.5510290205822764,0.3647613245714086,0.3274941705320998,100
Deming (Wtd),beta_deming_wtd,0.6,0.3,0.3,1.0,72,6,0.454727363255015,0.5599167510937219,1.448992606196952,1.4113014209697092,100
Deming (Wtd),beta_deming_wtd,0.6,0.3,0.3,1.0,72,12,0.5389111126030084,0.5480645335707286,0.41204460127980186,0.39966324238215717,100
Deming (Wtd),beta_deming_wtd,0.6,0.4,0.2,0.5,36,6,0.8548204847703671,0.9796303734296589,0.9272742371785831,0.7928223006875877,100
Deming (Wtd),beta_deming_wtd,0.6,0.4,0.2,0.5,36,12,1.1234811508812697,1.1234811508812697,0.5689042812379876,0.5689042812379876,100
Deming (Wtd),beta_deming_wtd,0.6,0.4,0.2,0.5,72,6,0.3200065536055512,1.8355095873918774,6.0132234658024615,5.732291715997763,100
Deming (Wtd),beta_deming_wtd,0.6,0.4,0.2,0.5,72,12,1.512240797469556,1.512240797469556,2.644195732559016,2.644195732559016,100
Deming (Wtd),beta_deming_wtd,1.0,0.2,0.4,2.0,36,6,0.09387162753238514,0.22478968664834365,0.26854246430586987,0.17313328729020355,100
Deming (Wtd),beta_deming_wtd,1.0,0.2,0.4,2.0,36,12,0.13927827713042576,0.2034140674717108,0.2103764288365068,0.14851730173988723,100
Deming (Wtd),beta_deming_wtd,1.0,0.2,0.4,2.0,72,6,0.13559466261418915,0.23865141226583184,0.277982121398135,0.195744461257392,100
Deming (Wtd),beta_deming_wtd,1.0,0.2,0.4,2.0,72,12,0.17535906194813008,0.2306977353309185,0.22711514583983514,0.1699519602225867,100
Deming (Wtd),beta_deming_wtd,1.0,0.3,0.3,1.0,36,6,0.305747836594477,0.33755839473816224,0.2518530710491608,0.20678329902211026,100
Deming (Wtd),beta_deming_wtd,1.0,0.3,0.3,1.0,36,12,0.5110476952437382,0.5166731264209949,0.3166270649316819,0.3072668673823783,100
Deming (Wtd),beta_deming_wtd,1.0,0.3,0.3,1.0,72,6,0.30680362029171176,0.36393612636790307,0.3236673576487821,0.25700668185256637,100
Deming (Wtd),beta_deming_wtd,1.0,0.3,0.3,1.0,72,12,0.4996407628366954,0.4996407628366954,0.29412537537905614,0.29412537537905614,100
Deming (Wtd),beta_deming_wtd,1.0,0.4,0.2,0.5,36,6,0.576006582995993,0.5778235944268026,0.41981005412429717,0.417280219907531,100
Deming (Wtd),beta_deming_wtd,1.0,0.4,0.2,0.5,36,12,0.6945838859443378,0.6945838859443378,0.2835181742716501,0.2835181742716501,100
Deming (Wtd),beta_deming_wtd,1.0,0.4,0.2,0.5,72,6,0.48526912761431445,0.489562516349993,0.3054067297047495,0.2984051998153679,100
Deming (Wtd),beta_deming_wtd,1.0,0.4,0.2,0.5,72,12,0.707841084140061,0.707841084140061,0.3191402914232413,0.3191402914232413,100
Deming (Wtd),beta_deming_wtd,1.4,0.2,0.4,2.0,36,6,0.1068025971828212,0.21138626364175853,0.2546752751122541,0.1767653900963059,100
Deming (Wtd),beta_deming_wtd,1.4,0.2,0.4,2.0,36,12,0.2165922102609525,0.23761847078015869,0.2122511275183848,0.18815876492875924,100
Deming (Wtd),beta_deming_wtd,1.4,0.2,0.4,2.0,72,6,0.16047000665637812,0.24054708248825685,0.2779818863598992,0.21174816850233336,100
Deming (Wtd),beta_deming_wtd,1.4,0.2,0.4,2.0,72,12,0.2211545835924314,0.26790439878695954,0.24366254154914166,0.19046541287647703,100
Deming (Wtd),beta_deming_wtd,1.4,0.3,0.3,1.0,36,6,0.2855091734361882,0.34126326868908113,0.3563416040771722,0.3027890804513838,100
Deming (Wtd),beta_deming_wtd,1.4,0.3,0.3,1.0,36,12,0.3689463477254693,0.3800327514886387,0.26474474282876687,0.24839971934069902,100
Deming (Wtd),beta_deming_wtd,1.4,0.3,0.3,1.0,72,6,0.28610685632713706,0.31621370428357687,0.2854808241005202,0.2513606093640678,100
Deming (Wtd),beta_deming_wtd,1.4,0.3,0.3,1.0,72,12,0.4089738013321888,0.4156429672064556,0.2732390500399453,0.2628773894591679,100
Deming (Wtd),beta_deming_wtd,1.4,0.4,0.2,0.5,36,6,0.4193933271637516,0.4460258801300365,0.39585988368048186,0.3652723823245438,100
Deming (Wtd),beta_deming_wtd,1.4,0.4,0.2,0.5,36,12,0.49995106640092773,0.5010168224518965,0.2823035621831899,0.2803885482768197,100
Deming (Wtd),beta_deming_wtd,1.4,0.4,0.2,0.5,72,6,0.41982066807186996,0.4311841661902418,0.30508669849689246,0.2886344072374021,100
Deming (Wtd),beta_deming_wtd,1.4,0.4,0.2,0.5,72,12,0.5839791910555472,0.5849675562287387,0.2600581887291509,0.2578046646330709,100
Ensemble,beta_ensemble,0.6,0.2,0.4,2.0,36,6,-0.043709082332406425,0.17624064102009512,0.2287035824264734,0.15119722774074815,100
Ensemble,beta_ensemble,0.6,0.2,0.4,2.0,36,12,-0.042005746944840966,0.1482127631081607,0.17607061908149513,0.10292840457142027,100
Ensemble,beta_ensemble,0.6,0.2,0.4,2.0,72,6,-0.017295354518616822,0.1830243858228527,0.22519695654721839,0.13107071122586164,100
Ensemble,beta_ensemble,0.6,0.2,0.4,2.0,72,12,-0.03165616454608691,0.11838355891512169,0.1511687864702444,0.09852922304142973,100
Ensemble,beta_ensemble,0.6,0.3,0.3,1.0,36,6,0.03334138349539968,0.18249469878133218,0.24912713749030638,0.17189091001953666,100
Ensemble,beta_ensemble,0.6,0.3,0.3,1.0,36,12,0.03161605054829082,0.13561098016042666,0.165332898895737,0.09883592410573236,100
Ensemble,beta_ensemble,0.6,0.3,0.3,1.0,72,6,-0.03830163229142659,0.18100303414866684,0.22891913779705705,0.1441970053851156,100
Ensemble,beta_ensemble,0.6,0.3,0.3,1.0,72,12,0.009474717231543755,0.11214842449478687,0.14722335058624264,0.09518970404289455,100
Ensemble,beta_ensemble,0.6,0.4,0.2,0.5,36,6,-0.0019433866801809628,0.14783668824410837,0.18948664800464074,0.11761187768608132,100
Ensemble,beta_ensemble,0.6,0.4,0.2,0.5,36,12,-0.03941417863463334,0.130569360687768,0.15339698139113084,0.08876508031185382,100
Ensemble,beta_ensemble,0.6,0.4,0.2,0.5,72,6,-0.05335428416074464,0.17483950920105162,0.21488238273702237,0.13480445878515,100
Ensemble,beta_ensemble,0.6,0.4,0.2,0.5,72,12,-0.06064494776762288,0.12062128127728938,0.14661464476041988,0.10253953024582747,100
Ensemble,beta_ensemble,1.0,0.2,0.4,2.0,36,6,-0.12706602926971647,0.18149029395538108,0.1879401366053559,0.13549508542330205,100
Ensemble,beta_ensemble,1.0,0.2,0.4,2.0,36,12,-0.11016060595536953,0.14937827286316813,0.15027903672754095,0.1109164836955489,100
Ensemble,beta_ensemble,1.0,0.2,0.4,2.0,72,6,-0.08455070960987539,0.1703037260592218,0.19979756626008052,0.13358060478317257,100
Ensemble,beta_ensemble,1.0,0.2,0.4,2.0,72,12,-0.11650465345309274,0.15526726298434795,0.16283614078583294,0.12599448432747923,100
Ensemble,beta_ensemble,1.0,0.3,0.3,1.0,36,6,-0.1063968459144327,0.16054783944781767,0.17061895743607605,0.12045536672608759,100
Ensemble,beta_ensemble,1.0,0.3,0.3,1.0,36,12,-0.07298685130973424,0.14021178199125683,0.16146524355697417,0.10767539735259757,100
Ensemble,beta_ensemble,1.0,0.3,0.3,1.0,72,6,-0.10411595613697028,0.18367420507068824,0.20110240881343167,0.13158580469103456,100
Ensemble,beta_ensemble,1.0,0.3,0.3,1.0,72,12,-0.09569775361281715,0.14041484188728515,0.1367406552689837,0.08962750614765409,100
Ensemble,beta_ensemble,1.0,0.4,0.2,0.5,36,6,-0.13817042463615048,0.1824066236794309,0.17305737742270938,0.12499800888768305,100
Ensemble,beta_ensemble,1.0,0.4,0.2,0.5,36,12,-0.11695402136364833,0.1599316982156251,0.14173443531628513,0.08982507507932821,100
Ensemble,beta_ensemble,1.0,0.4,0.2,0.5,72,6,-0.16352690459977537,0.20452943894316897,0.18137193049525135,0.13286119639879926,100
Ensemble,beta_ensemble,1.0,0.4,0.2,0.5,72,12,-0.193451542046104,0.20318118406268046,0.13929872468209367,0.12452332917598447,100
Ensemble,beta_ensemble,1.4,0.2,0.4,2.0,36,6,-0.22073325836923896,0.23693012864995758,0.17360141963382017,0.1504987125623806,100
Ensemble,beta_ensemble,1.4,0.2,0.4,2.0,36,12,-0.16047801434077744,0.18733885014342846,0.15092553883589246,0.11550539540449066,100
Ensemble,beta_ensemble,1.4,0.2,0.4,2.0,72,6,-0.17410197711524072,0.23335930616359693,0.20928603200699733,0.13932582777951283,100
Ensemble,beta_ensemble,1.4,0.2,0.4,2.0,72,12,-0.17293874406106555,0.20091993856657556,0.17524490944596507,0.1419299086783826,100
Ensemble,beta_ensemble,1.4,0.3,0.3,1.0,36,6,-0.2217950008023726,0.2618928576897374,0.2275355723582158,0.1793925378038944,100
Ensemble,beta_ensemble,1.4,0.3,0.3,1.0,36,12,-0.20778406489297027,0.22531178791373868,0.16231877308992473,0.13667304533157543,100
Ensemble,beta_ensemble,1.4,0.3,0.3,1.0,72,6,-0.2068345369523656,0.2270399110612524,0.16913017516274717,0.14053422765324736,100
Ensemble,beta_ensemble,1.4,0.3,0.3,1.0,72,12,-0.2183022619393291,0.22977035601878312,0.1649180796094697,0.14834934988464124,100
Ensemble,beta_ensemble,1.4,0.4,0.2,0.5,36,6,-0.2589993515065899,0.29075373731245296,0.22109175769060518,0.176771489729027,100
Ensemble,beta_ensemble,1.4,0.4,0.2,0.5,36,12,-0.2806911113178171,0.2833104912976263,0.14957125055169798,0.14449671938959438,100
Ensemble,beta_ensemble,1.4,0.4,0.2,0.5,72,6,-0.26539247368447766,0.28479682754130065,0.1925924724265215,0.1621972671673267,100
Ensemble,beta_ensemble,1.4,0.4,0.2,0.5,72,12,-0.29489964322440504,0.29745889476266263,0.13647568058460222,0.13074518658724682,100
GLMNET,beta_glmnet,0.6,0.2,0.4,2.0,36,6,-0.2649894181970332,0.2705646725402031,0.15691055482262067,0.14698609403823276,100
GLMNET,beta_glmnet,0.6,0.2,0.4,2.0,36,12,-0.22723094343922356,0.22790670233790586,0.10872355047319317,0.10728532244950255,100
GLMNET,beta_glmnet,0.6,0.2,0.4,2.0,72,6,-0.22845620184912016,0.23345513429625853,0.13752749516801974,0.12876888011793805,100
GLMNET,beta_glmnet,0.6,0.2,0.4,2.0,72,12,-0.21043833296478848,0.22004528744606275,0.1321701144115341,0.11528889144583405,100
GLMNET,beta_glmnet,0.6,0.3,0.3,1.0,36,6,-0.2703312330196,0.27691820568486686,0.13592765030861417,0.12179982652210912,100
GLMNET,beta_glmnet,0.6,0.3,0.3,1.0,36,12,-0.25314685677990734,0.2533879857043463,0.09275463009717484,0.09208717317462274,100
GLMNET,beta_glmnet,0.6,0.3,0.3,1.0,72,6,-0.28549962685937036,0.28549962685937036,0.11648295987254444,0.11648295987254444,100
GLMNET,beta_glmnet,0.6,0.3,0.3,1.0,72,12,-0.24339547729383895,0.2446381865023828,0.10646489442896229,0.10354788127918166,100
GLMNET,beta_glmnet,0.6,0.4,0.2,0.5,36,6,-0.2836889018733213,0.2837204113837726,0.10302949396591278,0.10294181484387475,100
GLMNET,beta_glmnet,0.6,0.4,0.2,0.5,36,12,-0.2898425266949487,0.2898425266949487,0.09107667171075354,0.09107667171075354,100
GLMNET,beta_glmnet,0.6,0.4,0.2,0.5,72,6,-0.3053310070138022,0.3053310070138022,0.09626007880150378,0.09626007880150378,100
GLMNET,beta_glmnet,0.6,0.4,0.2,0.5,72,12,-0.29892410300689265,0.29892410300689265,0.07993376689608415,0.07993376689608415,100
GLMNET,beta_glmnet,1.0,0.2,0.4,2.0,36,6,-0.41014739971452074,0.41014739971452074,0.13662623135504304,0.13662623135504304,100
GLMNET,beta_glmnet,1.0,0.2,0.4,2.0,36,12,-0.40880195982099865,0.40880195982099865,0.09958963899410576,0.09958963899410576,100
GLMNET,beta_glmnet,1.0,0.2,0.4,2.0,72,6,-0.4047954405853169,0.4057216522665953,0.13013359871207422,0.1271867138546865,100
GLMNET,beta_glmnet,1.0,0.2,0.4,2.0,72,12,-0.4073951426027547,0.40814999860266954,0.10619898829423083,0.10322978056983205,100
GLMNET,beta_glmnet,1.0,0.3,0.3,1.0,36,6,-0.4692379561729206,0.4692379561729206,0.12571195430218127,0.12571195430218127,100
GLMNET,beta_glmnet,1.0,0.3,0.3,1.0,36,12,-0.43625402265906715,0.43625402265906715,0.10183579254795207,0.10183579254795207,100
GLMNET,beta_glmnet,1.0,0.3,0.3,1.0,72,6,-0.4512675304950056,0.4512675304950056,0.1179038733597615,0.1179038733597615,100
GLMNET,beta_glmnet,1.0,0.3,0.3,1.0,72,12,-0.4406399954429389,0.4406399954429389,0.09417071343373684,0.09417071343373684,100
GLMNET,beta_glmnet,1.0,0.4,0.2,0.5,36,6,-0.5298767421180391,0.5298767421180391,0.1012148965820935,0.1012148965820935,100
GLMNET,beta_glmnet,1.0,0.4,0.2,0.5,36,12,-0.4954522176744649,0.4954522176744649,0.08727879358433739,0.08727879358433739,100
GLMNET,beta_glmnet,1.0,0.4,0.2,0.5,72,6,-0.5242887493643269,0.5242887493643269,0.10384772165654635,0.10384772165654635,100
GLMNET,beta_glmnet,1.0,0.4,0.2,0.5,72,12,-0.5056872042418777,0.5056872042418777,0.08103116164585909,0.08103116164585909,100
GLMNET,beta_glmnet,1.4,0.2,0.4,2.0,36,6,-0.5949656199624827,0.5949656199624827,0.13912328874131968,0.13912328874131968,100
GLMNET,beta_glmnet,1.4,0.2,0.4,2.0,36,12,-0.5581797007583466,0.5581797007583466,0.10143068452509722,0.10143068452509722,100
GLMNET,beta_glmnet,1.4,0.2,0.4,2.0,72,6,-0.5644045020377988,0.5644045020377988,0.12182827266198544,0.12182827266198544,100
GLMNET,beta_glmnet,1.4,0.2,0.4,2.0,72,12,-0.5719662042807582,0.5719662042807582,0.08899525732728988,0.08899525732728988,100
GLMNET,beta_glmnet,1.4,0.3,0.3,1.0,36,6,-0.6847745659616219,0.6847745659616219,0.1305370315395149,0.1305370315395149,100
GLMNET,beta_glmnet,1.4,0.3,0.3,1.0,36,12,-0.6606799538944537,0.6606799538944537,0.11081574834666623,0.11081574834666623,100
GLMNET,beta_glmnet,1.4,0.3,0.3,1.0,72,6,-0.6340037796367776,0.6340037796367776,0.11438705714225622,0.11438705714225622,100
GLMNET,beta_glmnet,1.4,0.3,0.3,1.0,72,12,-0.6512645630204114,0.6512645630204114,0.07994128002961128,0.07994128002961128,100
GLMNET,beta_glmnet,1.4,0.4,0.2,0.5,36,6,-0.7145936499822498,0.7145936499822498,0.1366517317609003,0.1366517317609003,100
GLMNET,beta_glmnet,1.4,0.4,0.2,0.5,36,12,-0.7342757262949468,0.7342757262949468,0.07252412952142388,0.07252412952142388,100
GLMNET,beta_glmnet,1.4,0.4,0.2,0.5,72,6,-0.7249245438169838,0.7249245438169838,0.10178396481873223,0.10178396481873223,100
GLMNET,beta_glmnet,1.4,0.4,0.2,0.5,72,12,-0.7048182829181507,0.7048182829181507,0.08316078139378319,0.08316078139378319,100
Keras,beta_keras,0.6,0.2,0.4,2.0,36,6,-0.31136456570104193,0.31136456570104193,0.044162632018897904,0.044162632018897904,100
Keras,beta_keras,0.6,0.2,0.4,2.0,36,12,-0.3177388277908176,0.3177388277908176,0.03927912879394724,0.03927912879394724,100
Keras,beta_keras,0.6,0.2,0.4,2.0,72,6,-0.3124543106739292,0.3124543106739292,0.0358941886688242,0.0358941886688242,100
Keras,beta_keras,0.6,0.2,0.4,2.0,72,12,-0.3110617232331242,0.3110617232331242,0.04161072525200941,0.04161072525200941,100
Keras,beta_keras,0.6,0.3,0.3,1.0,36,6,-0.31144571898032153,0.31144571898032153,0.0453642758952427,0.0453642758952427,100
Keras,beta_keras,0.6,0.3,0.3,1.0,36,12,-0.31023305231454285,0.31023305231454285,0.04200981497532479,0.04200981497532479,100
Keras,beta_keras,0.6,0.3,0.3,1.0,72,6,-0.3130107174901059,0.3130107174901059,0.042475339187998416,0.042475339187998416,100
Keras,beta_keras,0.6,0.3,0.3,1.0,72,12,-0.3134070871389849,0.3134070871389849,0.042350785703527585,0.042350785703527585,100
Keras,beta_keras,0.6,0.4,0.2,0.5,36,6,-0.31471413734252557,0.31471413734252557,0.044282397542695084,0.044282397542695084,100
Keras,beta_keras,0.6,0.4,0.2,0.5,36,12,-0.310449241676988,0.310449241676988,0.0406978560220401,0.0406978560220401,100
Keras,beta_keras,0.6,0.4,0.2,0.5,72,6,-0.319200578003365,0.319200578003365,0.040859477100614855,0.040859477100614855,100
Keras,beta_keras,0.6,0.4,0.2,0.5,72,12,-0.3180032839286286,0.3180032839286286,0.04042280663857591,0.04042280663857591,100
Keras,beta_keras,1.0,0.2,0.4,2.0,36,6,-0.7049389890662314,0.7049389890662314,0.038686286021050065,0.038686286021050065,100
Keras,beta_keras,1.0,0.2,0.4,2.0,36,12,-0.6992467966367667,0.6992467966367667,0.042504253763079314,0.042504253763079314,100
Keras,beta_keras,1.0,0.2,0.4,2.0,72,6,-0.7000047892727161,0.7000047892727161,0.04587585330595267,0.04587585330595267,100
Keras,beta_keras,1.0,0.2,0.4,2.0,72,12,-0.7042365587742825,0.7042365587742825,0.0431753789519509,0.0431753789519509,100
Keras,beta_keras,1.0,0.3,0.3,1.0,36,6,-0.700818375440449,0.700818375440449,0.04236314180633647,0.04236314180633647,100
Keras,beta_keras,1.0,0.3,0.3,1.0,36,12,-0.713985427536918,0.713985427536918,0.04199369932007148,0.04199369932007148,100
Keras,beta_keras,1.0,0.3,0.3,1.0,72,6,-0.6993919894618739,0.6993919894618739,0.04496369549516548,0.04496369549516548,100
Keras,beta_keras,1.0,0.3,0.3,1.0,72,12,-0.7003046397133221,0.7003046397133221,0.042659588453887606,0.042659588453887606,100
Keras,beta_keras,1.0,0.4,0.2,0.5,36,6,-0.7096950847205153,0.7096950847205153,0.042166558745473884,0.042166558745473884,100
Keras,beta_keras,1.0,0.4,0.2,0.5,36,12,-0.7038819296086877,0.7038819296086877,0.04376368980845863,0.04376368980845863,100
Keras,beta_keras,1.0,0.4,0.2,0.5,72,6,-0.7026237974486139,0.7026237974486139,0.04113399274648493,0.04113399274648493,100
Keras,beta_keras,1.0,0.4,0.2,0.5,72,12,-0.7082939587481633,0.7082939587481633,0.04363126174479248,0.04363126174479248,100
Keras,beta_keras,1.4,0.2,0.4,2.0,36,6,-1.091472932558372,1.091472932558372,0.0354185416581636,0.0354185416581636,100
Keras,beta_keras,1.4,0.2,0.4,2.0,36,12,-1.0930895293139928,1.0930895293139928,0.042894771739590276,0.042894771739590276,100
Keras,beta_keras,1.4,0.2,0.4,2.0,72,6,-1.096819533589787,1.096819533589787,0.045317111630806574,0.045317111630806574,100
Keras,beta_keras,1.4,0.2,0.4,2.0,72,12,-1.0966296904224144,1.0966296904224144,0.04503880786575965,0.04503880786575965,100
Keras,beta_keras,1.4,0.3,0.3,1.0,36,6,-1.0995942681074482,1.0995942681074482,0.0322834180003554,0.0322834180003554,100
Keras,beta_keras,1.4,0.3,0.3,1.0,36,12,-1.1015851315775942,1.1015851315775942,0.04246067843424648,0.04246067843424648,100
Keras,beta_keras,1.4,0.3,0.3,1.0,72,6,-1.0897881684565072,1.0897881684565072,0.04118225392123207,0.04118225392123207,100
Keras,beta_keras,1.4,0.3,0.3,1.0,72,12,-1.0919341934757538,1.0919341934757538,0.03644663357058269,0.03644663357058269,100
Keras,beta_keras,1.4,0.4,0.2,0.5,36,6,-1.1021002631391728,1.1021002631391728,0.04487563934131891,0.04487563934131891,100
Keras,beta_keras,1.4,0.4,0.2,0.5,36,12,-1.0964826699654622,1.0964826699654622,0.04292532148851521,0.04292532148851521,100
Keras,beta_keras,1.4,0.4,0.2,0.5,72,6,-1.105457250001491,1.105457250001491,0.04896769317735966,0.04896769317735966,100
Keras,beta_keras,1.4,0.4,0.2,0.5,72,12,-1.098526011272588,1.098526011272588,0.04703279634422899,0.04703279634422899,100
Keras (Denoised),beta_keras_denoised,0.6,0.2,0.4,2.0,36,6,0.23171801309513884,0.4141208123890199,0.48994128058913883,0.3479220047568555,100
Keras (Denoised),beta_keras_denoised,0.6,0.2,0.4,2.0,36,12,0.12976730797503697,0.26422076918828585,0.3133404108897345,0.21136241630068853,100
Keras (Denoised),beta_keras_denoised,0.6,0.2,0.4,2.0,72,6,0.1731301189426667,0.3202070002416906,0.360734041210908,0.2384064797370143,100
Keras (Denoised),beta_keras_denoised,0.6,0.2,0.4,2.0,72,12,0.045946266944858906,0.16362497442906732,0.21500083218208563,0.14599374363879944,100
Keras (Denoised),beta_keras_denoised,0.6,0.3,0.3,1.0,36,6,0.2970086401259699,0.3922524817888064,0.5019743468426371,0.4308912366918002,100
Keras (Denoised),beta_keras_denoised,0.6,0.3,0.3,1.0,36,12,0.1002372569891601,0.23898509008286134,0.2861928889793977,0.18537687632198535,100
Keras (Denoised),beta_keras_denoised,0.6,0.3,0.3,1.0,72,6,0.06392950967091499,0.26135322712763864,0.3136979741319933,0.18313716133025865,100
Keras (Denoised),beta_keras_denoised,0.6,0.3,0.3,1.0,72,12,-0.024730567309797623,0.1471986594583934,0.19557962019186428,0.13031829553317922,100
Keras (Denoised),beta_keras_denoised,0.6,0.4,0.2,0.5,36,6,0.1630340539959684,0.38753306335772925,0.5009011510567295,0.3550375866651896,100
Keras (Denoised),beta_keras_denoised,0.6,0.4,0.2,0.5,36,12,0.05472774378208931,0.22161188485279024,0.27459982625617,0.16977201696104524,100
Keras (Denoised),beta_keras_denoised,0.6,0.4,0.2,0.5,72,6,0.061711210331239774,0.2711373356282279,0.34763902765113325,0.22459207313007296,100
Keras (Denoised),beta_keras_denoised,0.6,0.4,0.2,0.5,72,12,-0.08947242249503536,0.1528531358961576,0.1715847907189394,0.1180145524147725,100
Keras (Denoised),beta_keras_denoised,1.0,0.2,0.4,2.0,36,6,0.2834823189318623,0.4416007423620525,0.8083099312624924,0.7331833903319525,100
Keras (Denoised),beta_keras_denoised,1.0,0.2,0.4,2.0,36,12,0.22871511067330905,0.29853930725647276,0.30698514401595905,0.23885747352712478,100
Keras (Denoised),beta_keras_denoised,1.0,0.2,0.4,2.0,72,6,0.25938103277259683,0.3384999760591437,0.36443075069067027,0.29159602728760364,100
Keras (Denoised),beta_keras_denoised,1.0,0.2,0.4,2.0,72,12,0.06992584570876825,0.21593122872645293,0.2828502140044805,0.194540456921743,100
Keras (Denoised),beta_keras_denoised,1.0,0.3,0.3,1.0,36,6,0.25063563826366136,0.5318287117638708,1.1423717126973971,1.0405609613694666,100
Keras (Denoised),beta_keras_denoised,1.0,0.3,0.3,1.0,36,12,0.17165337768979716,0.29560435755431425,0.3214701958086743,0.2117569642577753,100
Keras (Denoised),beta_keras_denoised,1.0,0.3,0.3,1.0,72,6,0.146670579104893,0.2523489120270066,0.2902515591433654,0.20408899149030318,100
Keras (Denoised),beta_keras_denoised,1.0,0.3,0.3,1.0,72,12,-0.017892977324088975,0.18575270400741356,0.25082005188906353,0.16846809198468518,100
Keras (Denoised),beta_keras_denoised,1.0,0.4,0.2,0.5,36,6,0.23115434125129672,0.3691815203788149,0.6176548301231596,0.5457085550394687,100
Keras (Denoised),beta_keras_denoised,1.0,0.4,0.2,0.5,36,12,0.1834907842702274,0.31603460283621326,0.5937279358594899,0.5344483901570343,100
Keras (Denoised),beta_keras_denoised,1.0,0.4,0.2,0.5,72,6,-0.04477294923096272,0.29829051979811494,0.7169453625839446,0.6528089494078619,100
Keras (Denoised),beta_keras_denoised,1.0,0.4,0.2,0.5,72,12,-0.13623177354893742,0.23310918385868984,0.24083896706733338,0.14785530226058743,100
Keras (Denoised),beta_keras_denoised,1.4,0.2,0.4,2.0,36,6,0.1670383783952737,0.48094086310452383,1.0720682907232517,0.9715315524478592,100
Keras (Denoised),beta_keras_denoised,1.4,0.2,0.4,2.0,36,12,0.24849556067335,0.30434871503401534,0.2978106133445004,0.23979400489959166,100
Keras (Denoised),beta_keras_denoised,1.4,0.2,0.4,2.0,72,6,0.2401235054290251,0.3495558344534592,0.5007346250752341,0.43075905468456405,100
Keras (Denoised),beta_keras_denoised,1.4,0.2,0.4,2.0,72,12,0.12907070929876824,0.24802271181934127,0.29528312502634185,0.20465340275531568,100
Keras (Denoised),beta_keras_denoised,1.4,0.3,0.3,1.0,36,6,0.14667793232891677,0.3960878035425031,0.5098345182663198,0.35098820287644716,100
Keras (Denoised),beta_keras_denoised,1.4,0.3,0.3,1.0,36,12,0.12739540658879675,0.26942780579373854,0.3068745682662186,0.19297911052279823,100
Keras (Denoised),beta_keras_denoised,1.4,0.3,0.3,1.0,72,6,0.12269434845902756,0.25288974369706335,0.2957531779835704,0.19513249459170662,100
Keras (Denoised),beta_keras_denoised,1.4,0.3,0.3,1.0,72,12,-0.0506899503813906,0.22164877065153926,0.2708872602868156,0.1623296379585898,100
Keras (Denoised),beta_keras_denoised,1.4,0.4,0.2,0.5,36,6,0.13231065146950452,0.5192785946524302,1.0626316366465614,0.9351443387094924,100
Keras (Denoised),beta_keras_denoised,1.4,0.4,0.2,0.5,36,12,0.04891117784493724,0.24004462453316006,0.30147586389833547,0.18735182993725152,100
Keras (Denoised),beta_keras_denoised,1.4,0.4,0.2,0.5,72,6,0.032592513148672515,0.24646902117131217,0.3345939517066738,0.22730052840198361,100
Keras (Denoised),beta_keras_denoised,1.4,0.4,0.2,0.5,72,12,-0.15764464067114653,0.26178112287605354,0.27075506435350705,0.17084962453711502,100
LMM,beta_lmer,0.6,0.2,0.4,2.0,36,6,-0.15012922307301899,0.17077244014218657,0.14524977586454038,0.12002558533308348,100
LMM,beta_lmer,0.6,0.2,0.4,2.0,36,12,-0.12102309397788735,0.1334554695932143,0.10921872168921146,0.09345051511435214,100
LMM,beta_lmer,0.6,0.2,0.4,2.0,72,6,-0.10963681096785016,0.15163868396651092,0.1476288304453136,0.10348604896444787,100
LMM,beta_lmer,0.6,0.2,0.4,2.0,72,12,-0.12396838626084074,0.13551489293027272,0.10738320929422988,0.09222127916849536,100
LMM,beta_lmer,0.6,0.3,0.3,1.0,36,6,-0.21512488154589002,0.21755515582752805,0.1301420579281969,0.12599524811610913,100
LMM,beta_lmer,0.6,0.3,0.3,1.0,36,12,-0.19842440554256785,0.19842440554256785,0.08408144777755339,0.08408144777755339,100
LMM,beta_lmer,0.6,0.3,0.3,1.0,72,6,-0.21935372679081694,0.21986092461956885,0.12246734008819248,0.12154517876764769,100
LMM,beta_lmer,0.6,0.3,0.3,1.0,72,12,-0.20718753173528914,0.20718753173528914,0.08658799939806032,0.08658799939806032,100
LMM,beta_lmer,0.6,0.4,0.2,0.5,36,6,-0.27746924728921946,0.27746924728921946,0.09227765032698726,0.09227765032698726,100
LMM,beta_lmer,0.6,0.4,0.2,0.5,36,12,-0.2972625778946756,0.2972625778946756,0.07554086237264634,0.07554086237264634,100
LMM,beta_lmer,0.6,0.4,0.2,0.5,72,6,-0.29522928184699326,0.29522928184699326,0.09095633103052089,0.09095633103052089,100
LMM,beta_lmer,0.6,0.4,0.2,0.5,72,12,-0.29765656755370745,0.29765656755370745,0.05622336692729919,0.05622336692729919,100
LMM,beta_lmer,1.0,0.2,0.4,2.0,36,6,-0.20212676393998028,0.21462472075055566,0.15376376108999493,0.13558075317762572,100
LMM,beta_lmer,1.0,0.2,0.4,2.0,36,12,-0.20474222060044567,0.2057748020719733,0.10314861268832386,0.10105178023198254,100
LMM,beta_lmer,1.0,0.2,0.4,2.0,72,6,-0.1969667584726526,0.2034239819221486,0.14655700447740558,0.13735875584031032,100
LMM,beta_lmer,1.0,0.2,0.4,2.0,72,12,-0.20767228371975957,0.20929915645649477,0.09654463541779898,0.09292822522838351,100
LMM,beta_lmer,1.0,0.3,0.3,1.0,36,6,-0.3522388118643716,0.3531457426554192,0.12758059377945416,0.1250224418561737,100
LMM,beta_lmer,1.0,0.3,0.3,1.0,36,12,-0.3609274222205927,0.3609274222205927,0.08399724579233642,0.08399724579233642,100
LMM,beta_lmer,1.0,0.3,0.3,1.0,72,6,-0.35274600779684967,0.35274600779684967,0.1190409356571002,0.1190409356571002,100
LMM,beta_lmer,1.0,0.3,0.3,1.0,72,12,-0.3629856268855232,0.3629856268855232,0.07443964806092489,0.07443964806092489,100
LMM,beta_lmer,1.0,0.4,0.2,0.5,36,6,-0.5017639657848849,0.5017639657848849,0.09261414213354838,0.09261414213354838,100
LMM,beta_lmer,1.0,0.4,0.2,0.5,36,12,-0.49286593135964274,0.49286593135964274,0.06836728693764148,0.06836728693764148,100
LMM,beta_lmer,1.0,0.4,0.2,0.5,72,6,-0.5017978397753082,0.5017978397753082,0.09510345700091782,0.09510345700091782,100
LMM,beta_lmer,1.0,0.4,0.2,0.5,72,12,-0.5045885006706279,0.5045885006706279,0.05867805035338644,0.05867805035338644,100
LMM,beta_lmer,1.4,0.2,0.4,2.0,36,6,-0.28279341237182654,0.2863655211057346,0.17432679533260767,0.1683335903327488,100
LMM,beta_lmer,1.4,0.2,0.4,2.0,36,12,-0.2577450751505992,0.26038326974483456,0.12326048681721927,0.11752623921804782,100
LMM,beta_lmer,1.4,0.2,0.4,2.0,72,6,-0.2501325732206395,0.25835237166373026,0.15136999632850387,0.13671508112265618,100
LMM,beta_lmer,1.4,0.2,0.4,2.0,72,12,-0.25868247147286483,0.25868247147286483,0.11146677954235265,0.11146677954235265,100
LMM,beta_lmer,1.4,0.3,0.3,1.0,36,6,-0.5130237183909959,0.5130237183909959,0.12808768980945426,0.12808768980945426,100
LMM,beta_lmer,1.4,0.3,0.3,1.0,36,12,-0.5148161750585978,0.5148161750585978,0.0948351486643521,0.0948351486643521,100
LMM,beta_lmer,1.4,0.3,0.3,1.0,72,6,-0.5049707611254017,0.5049707611254017,0.10738240996155182,0.10738240996155182,100
LMM,beta_lmer,1.4,0.3,0.3,1.0,72,12,-0.5095025719332292,0.5095025719332292,0.08977269541630807,0.08977269541630807,100
LMM,beta_lmer,1.4,0.4,0.2,0.5,36,6,-0.6838705602685435,0.6838705602685435,0.11468348107735041,0.11468348107735041,100
LMM,beta_lmer,1.4,0.4,0.2,0.5,36,12,-0.7110491217338164,0.7110491217338164,0.07487602393718863,0.07487602393718863,100
LMM,beta_lmer,1.4,0.4,0.2,0.5,72,6,-0.698392711036639,0.698392711036639,0.10398226523466342,0.10398226523466342,100
LMM,beta_lmer,1.4,0.4,0.2,0.5,72,12,-0.7044821648245844,0.7044821648245844,0.06822144168820546,0.06822144168820546,100
LMM (Rand. Slopes),beta_lmer_slopes,0.6,0.2,0.4,2.0,36,6,-0.13810372466292165,0.16993546809020577,0.16165820358011632,0.1273927217036682,100
LMM (Rand. Slopes),beta_lmer_slopes,0.6,0.2,0.4,2.0,36,12,-0.11042386315836056,0.12431707660301658,0.10715851187016036,0.09049142612023423,100
LMM (Rand. Slopes),beta_lmer_slopes,0.6,0.2,0.4,2.0,72,6,-0.10457656346953312,0.14762621916699228,0.1482035545998067,0.10486840094509867,100
LMM (Rand. Slopes),beta_lmer_slopes,0.6,0.2,0.4,2.0,72,12,-0.11605734396844186,0.13181347247933498,0.11109986870871788,0.09164195028088987,100
LMM (Rand. Slopes),beta_lmer_slopes,0.6,0.3,0.3,1.0,36,6,-0.2067275044054061,0.20982412365286787,0.13219247768442174,0.12716886433533756,100
LMM (Rand. Slopes),beta_lmer_slopes,0.6,0.3,0.3,1.0,36,12,-0.1878994265118566,0.18857254985159286,0.08528387052044907,0.08376972471592693,100
LMM (Rand. Slopes),beta_lmer_slopes,0.6,0.3,0.3,1.0,72,6,-0.2168821108712882,0.2177001030407773,0.1198430204785707,0.11833542983150742,100
LMM (Rand. Slopes),beta_lmer_slopes,0.6,0.3,0.3,1.0,72,12,-0.20049776958161739,0.20049776958161739,0.08912247077639379,0.08912247077639379,100
LMM (Rand. Slopes),beta_lmer_slopes,0.6,0.4,0.2,0.5,36,6,-0.26903248672285957,0.26903248672285957,0.09435519810867467,0.09435519810867467,100
LMM (Rand. Slopes),beta_lmer_slopes,0.6,0.4,0.2,0.5,36,12,-0.2902673393289891,0.2902673393289891,0.07712827448850057,0.07712827448850057,100
LMM (Rand. Slopes),beta_lmer_slopes,0.6,0.4,0.2,0.5,72,6,-0.2897745805228465,0.2897745805228465,0.08930775992155122,0.08930775992155122,100
LMM (Rand. Slopes),beta_lmer_slopes,0.6,0.4,0.2,0.5,72,12,-0.29673139641648627,0.29673139641648627,0.05559391726627643,0.05559391726627643,100
LMM (Rand. Slopes),beta_lmer_slopes,1.0,0.2,0.4,2.0,36,6,-0.18408554722480053,0.2019659649753997,0.1544955351047521,0.12998608842519013,100
LMM (Rand. Slopes),beta_lmer_slopes,1.0,0.2,0.4,2.0,36,12,-0.18734565738607262,0.18846496603071383,0.10049745806047833,0.09836077483722261,100
LMM (Rand. Slopes),beta_lmer_slopes,1.0,0.2,0.4,2.0,72,6,-0.18756757690518705,0.19395345756659924,0.1441701632831213,0.13536646043769476,100
LMM (Rand. Slopes),beta_lmer_slopes,1.0,0.2,0.4,2.0,72,12,-0.1962144179965978,0.19869328379686502,0.09593810376860877,0.09063833871704126,100
LMM (Rand. Slopes),beta_lmer_slopes,1.0,0.3,0.3,1.0,36,6,-0.3365710863959956,0.33756509505548293,0.12517590144934085,0.12244239642792079,100
LMM (Rand. Slopes),beta_lmer_slopes,1.0,0.3,0.3,1.0,36,12,-0.3488347936529977,0.3488347936529977,0.0879109058403522,0.0879109058403522,100
LMM (Rand. Slopes),beta_lmer_slopes,1.0,0.3,0.3,1.0,72,6,-0.34495897794474906,0.34495897794474906,0.11469705694540858,0.11469705694540858,100
LMM (Rand. Slopes),beta_lmer_slopes,1.0,0.3,0.3,1.0,72,12,-0.3540874634898663,0.3540874634898663,0.07480191718126376,0.07480191718126376,100
LMM (Rand. Slopes),beta_lmer_slopes,1.0,0.4,0.2,0.5,36,6,-0.4955366713403362,0.4955366713403362,0.09011202425305546,0.09011202425305546,100
LMM (Rand. Slopes),beta_lmer_slopes,1.0,0.4,0.2,0.5,36,12,-0.4838565065836095,0.4838565065836095,0.0697206453996965,0.0697206453996965,100
LMM (Rand. Slopes),beta_lmer_slopes,1.0,0.4,0.2,0.5,72,6,-0.49908428153458007,0.49908428153458007,0.0942117754325127,0.0942117754325127,100
LMM (Rand. Slopes),beta_lmer_slopes,1.0,0.4,0.2,0.5,72,12,-0.5008019862063424,0.5008019862063424,0.059941561185729055,0.059941561185729055,100
LMM (Rand. Slopes),beta_lmer_slopes,1.4,0.2,0.4,2.0,36,6,-0.25834676259009376,0.2634879518795506,0.17581706403250064,0.16793358644001596,100
LMM (Rand. Slopes),beta_lmer_slopes,1.4,0.2,0.4,2.0,36,12,-0.2371242592353841,0.23905906544212271,0.11880202151179022,0.11481851582284595,100
LMM (Rand. Slopes),beta_lmer_slopes,1.4,0.2,0.4,2.0,72,6,-0.22505508177737724,0.23869160128184144,0.15216353626983878,0.12948348696938541,100
LMM (Rand. Slopes),beta_lmer_slopes,1.4,0.2,0.4,2.0,72,12,-0.24976871988749452,0.24976871988749452,0.10994443288203537,0.10994443288203537,100
LMM (Rand. Slopes),beta_lmer_slopes,1.4,0.3,0.3,1.0,36,6,-0.49619436233104786,0.49619436233104786,0.12316603699674394,0.12316603699674394,100
LMM (Rand. Slopes),beta_lmer_slopes,1.4,0.3,0.3,1.0,36,12,-0.5022359432303463,0.5022359432303463,0.09691057187395072,0.09691057187395072,100
LMM (Rand. Slopes),beta_lmer_slopes,1.4,0.3,0.3,1.0,72,6,-0.4995112738507219,0.4995112738507219,0.1061637860596441,0.1061637860596441,100
LMM (Rand. Slopes),beta_lmer_slopes,1.4,0.3,0.3,1.0,72,12,-0.5033870605089524,0.5033870605089524,0.08731802020129102,0.08731802020129102,100
LMM (Rand. Slopes),beta_lmer_slopes,1.4,0.4,0.2,0.5,36,6,-0.6802459479121093,0.6802459479121093,0.11589256648255693,0.11589256648255693,100
LMM (Rand. Slopes),beta_lmer_slopes,1.4,0.4,0.2,0.5,36,12,-0.7078270536326464,0.7078270536326464,0.07372427777781072,0.07372427777781072,100
LMM (Rand. Slopes),beta_lmer_slopes,1.4,0.4,0.2,0.5,72,6,-0.693681838737905,0.693681838737905,0.10240313144581957,0.10240313144581957,100
LMM (Rand. Slopes),beta_lmer_slopes,1.4,0.4,0.2,0.5,72,12,-0.7024744354903661,0.7024744354903661,0.0676887065773388,0.0676887065773388,100
NLME,beta_nlme,0.6,0.2,0.4,2.0,36,6,0.037824232024485045,0.27886633506249786,0.4081884410262744,0.2991838478237497,100
NLME,beta_nlme,0.6,0.2,0.4,2.0,36,12,0.12062406274352798,0.29690313055912454,0.4086671220362262,0.30440772771218055,100
NLME,beta_nlme,0.6,0.2,0.4,2.0,72,6,0.10926230381063984,0.3161008826022857,0.4581267506024825,0.3478647732643543,100
NLME,beta_nlme,0.6,0.2,0.4,2.0,72,12,0.13994579331554624,0.24938919991539682,0.31712915010213377,0.2398548401465978,100
NLME,beta_nlme,0.6,0.3,0.3,1.0,36,6,-0.013952046482053306,0.23781730301238455,0.3137118527055443,0.20367473884617915,100
NLME,beta_nlme,0.6,0.3,0.3,1.0,36,12,0.0443560046014727,0.2112856883913026,0.2904428835448362,0.20310546332724264,100
NLME,beta_nlme,0.6,0.3,0.3,1.0,72,6,-0.01485459060645516,0.2691752776387493,0.3426807022635634,0.21086903359739925,100
NLME,beta_nlme,0.6,0.3,0.3,1.0,72,12,0.021620032857602434,0.1773348649117242,0.2670917714892204,0.20011210434109175,100
NLME,beta_nlme,0.6,0.4,0.2,0.5,36,6,-0.02285684215457976,0.2202877901167587,0.28803186407608267,0.18566956619972413,100
NLME,beta_nlme,0.6,0.4,0.2,0.5,36,12,-0.10105949596686947,0.17389212813888716,0.1796480830113244,0.10975293138789582,100
NLME,beta_nlme,0.6,0.4,0.2,0.5,72,6,-0.08142456201907468,0.23440774620201923,0.29578044715256807,0.19667483293030885,100
NLME,beta_nlme,0.6,0.4,0.2,0.5,72,12,-0.06671155395295662,0.1787808434776986,0.21906093604689242,0.14211838215518866,100
NLME,beta_nlme,1.0,0.2,0.4,2.0,36,6,0.029479540601120614,0.38273452154845633,0.6126861759087324,0.4778041481794309,100
NLME,beta_nlme,1.0,0.2,0.4,2.0,36,12,0.022304964098981386,0.2871944143476434,0.4003371022479056,0.2783137849655983,100
NLME,beta_nlme,1.0,0.2,0.4,2.0,72,6,0.0330594442909312,0.3135509418037678,0.5162261647408771,0.41022695416251526,100
NLME,beta_nlme,1.0,0.2,0.4,2.0,72,12,0.04112526675206585,0.25656524488137733,0.3700048200360667,0.26855410429774107,100
NLME,beta_nlme,1.0,0.3,0.3,1.0,36,6,-0.13576526663263672,0.2934406858524803,0.4002796207040912,0.3030923260241092,100
NLME,beta_nlme,1.0,0.3,0.3,1.0,36,12,-0.11871997899551787,0.27868892255380606,0.31556687153184404,0.18806173433749498,100
NLME,beta_nlme,1.0,0.3,0.3,1.0,72,6,-0.15891760698033153,0.30367391657869014,0.3320660691505629,0.20646655447695417,100
NLME,beta_nlme,1.0,0.3,0.3,1.0,72,12,-0.07515497937811196,0.24314405061660935,0.3135530949025561,0.21048676021803517,100
NLME,beta_nlme,1.0,0.4,0.2,0.5,36,6,-0.2772278137686238,0.313522050640179,0.24085062973981622,0.19066105119118176,100
NLME,beta_nlme,1.0,0.4,0.2,0.5,36,12,-0.2610657190130486,0.28099480538865523,0.18474009392852472,0.15237129780245626,100
NLME,beta_nlme,1.0,0.4,0.2,0.5,72,6,-0.2443588003057272,0.30524805040141845,0.2510318749356273,0.17092051204795222,100
NLME,beta_nlme,1.0,0.4,0.2,0.5,72,12,-0.2470501546789672,0.2959347564994748,0.22414147547305807,0.1530610422874696,100
NLME,beta_nlme,1.4,0.2,0.4,2.0,36,6,-0.12763797415163652,0.4345487547597778,0.5333313889256167,0.33190113364768836,100
NLME,beta_nlme,1.4,0.2,0.4,2.0,36,12,0.055275865546352866,0.3960473360374928,0.6387238707585042,0.5026097851582594,100
NLME,beta_nlme,1.4,0.2,0.4,2.0,72,6,-0.02515311678547506,0.5263011366025895,1.1939288442992944,1.0706607123179634,100
NLME,beta_nlme,1.4,0.2,0.4,2.0,72,12,-0.026358949367399926,0.3634405864255566,0.495488386461729,0.33583814652940636,100
NLME,beta_nlme,1.4,0.3,0.3,1.0,36,6,-0.3361583142003849,0.43101282985887773,0.3705393941402663,0.25257622289227744,100
NLME,beta_nlme,1.4,0.3,0.3,1.0,36,12,-0.17491467148874768,0.4058679119272331,0.5209873804243891,0.3686995333391977,100
NLME,beta_nlme,1.4,0.3,0.3,1.0,72,6,-0.30868858350636197,0.46007295539474596,0.47280227485580956,0.32555793367856833,100
NLME,beta_nlme,1.4,0.3,0.3,1.0,72,12,-0.264945701135165,0.3329107350391968,0.29038731682797625,0.2080409169216668,100
NLME,beta_nlme,1.4,0.4,0.2,0.5,36,6,-0.4580394214164785,0.5389040154782332,0.39510323546422726,0.2732669444144913,100
NLME,beta_nlme,1.4,0.4,0.2,0.5,36,12,-0.4159502036403398,0.4805290328850694,0.34210855800391243,0.2419915335105946,100
NLME,beta_nlme,1.4,0.4,0.2,0.5,72,6,-0.43291808543508176,0.4930894879813156,0.330123210188076,0.22956336706872887,100
NLME,beta_nlme,1.4,0.4,0.2,0.5,72,12,-0.40486870908693207,0.45497887589857705,0.2986831336675788,0.21375052076939552,100
OLS,beta_ols,0.6,0.2,0.4,2.0,36,6,-0.06081249021295296,0.20476852092237333,0.2572733101617376,0.16604633759226364,100
OLS,beta_ols,0.6,0.2,0.4,2.0,36,12,-0.052492508555276186,0.166264647224267,0.19955795626477374,0.12117553286432434,100
OLS,beta_ols,0.6,0.2,0.4,2.0,72,6,-0.015496566292148888,0.20977541375372422,0.25606110302805923,0.14614934574960667,100
OLS,beta_ols,0.6,0.2,0.4,2.0,72,12,-0.018366712708366605,0.1312485629013693,0.1711858756998693,0.11065785320315999,100
OLS,beta_ols,0.6,0.3,0.3,1.0,36,6,-0.06738462977241534,0.18995455085003546,0.24232575526105501,0.16389363046873204,100
OLS,beta_ols,0.6,0.3,0.3,1.0,36,12,-0.06964151986487883,0.14040260581733346,0.16724161483161146,0.11382739779087218,100
OLS,beta_ols,0.6,0.3,0.3,1.0,72,6,-0.10007425961127621,0.20140718648269482,0.2394700635785461,0.1627492801476109,100
OLS,beta_ols,0.6,0.3,0.3,1.0,72,12,-0.07429405983071294,0.1345526627211504,0.15308061484265548,0.10354585269863856,100
OLS,beta_ols,0.6,0.4,0.2,0.5,36,6,-0.0739261745630511,0.16741955319317978,0.20408401229195208,0.13732492518602016,100
OLS,beta_ols,0.6,0.4,0.2,0.5,36,12,-0.1380665559092834,0.17248248766349566,0.15509932414116112,0.11515210694098185,100
OLS,beta_ols,0.6,0.4,0.2,0.5,72,6,-0.11885856161937976,0.1964609365990337,0.22283958369189263,0.15792647349491473,100
OLS,beta_ols,0.6,0.4,0.2,0.5,72,12,-0.13259238764863432,0.1603777355675744,0.153569090654198,0.12393935526185319,100
OLS,beta_ols,1.0,0.2,0.4,2.0,36,6,-0.08254082888545078,0.19128400597548598,0.22772039773783365,0.14757785564321083,100
OLS,beta_ols,1.0,0.2,0.4,2.0,36,12,-0.09779226669328851,0.16053994248737433,0.17691680024457326,0.1221723114899618,100
OLS,beta_ols,1.0,0.2,0.4,2.0,72,6,-0.03871378890106367,0.19000795786854044,0.23551778274936905,0.14322995965367796,100
OLS,beta_ols,1.0,0.2,0.4,2.0,72,12,-0.0614158252898131,0.1555597311970757,0.18397903863029955,0.11495663396087462,100
OLS,beta_ols,1.0,0.3,0.3,1.0,36,6,-0.12633684910019338,0.19105846967190934,0.21372640572362173,0.15788964099340455,100
OLS,beta_ols,1.0,0.3,0.3,1.0,36,12,-0.15396289554023024,0.18886997346432044,0.18102309675843725,0.14380954812688101,100
OLS,beta_ols,1.0,0.3,0.3,1.0,72,6,-0.11194486996678119,0.21180865748952762,0.23199031015429228,0.14547052007851127,100
OLS,beta_ols,1.0,0.3,0.3,1.0,72,12,-0.12678962627473778,0.16368331780863618,0.1558016065630836,0.11597099952537851,100
OLS,beta_ols,1.0,0.4,0.2,0.5,36,6,-0.18669869771175487,0.2351601725477197,0.2087450270509291,0.15140699859029413,100
OLS,beta_ols,1.0,0.4,0.2,0.5,36,12,-0.1819878088696852,0.196972866158562,0.13537105264029728,0.11220166390168228,100
OLS,beta_ols,1.0,0.4,0.2,0.5,72,6,-0.17291099730882156,0.21768426142025596,0.1917202211740882,0.13817297055919212,100
OLS,beta_ols,1.0,0.4,0.2,0.5,72,12,-0.22510442416720877,0.2272693093376384,0.1407410629747001,0.1371816945706395,100
OLS,beta_ols,1.4,0.2,0.4,2.0,36,6,-0.12364495976345484,0.2031123218185621,0.2122392906311371,0.1371739370771426,100
OLS,beta_ols,1.4,0.2,0.4,2.0,36,12,-0.0811673418243704,0.16447181082328527,0.17804818592931734,0.1050315285561705,100
OLS,beta_ols,1.4,0.2,0.4,2.0,72,6,-0.054414553839211156,0.2038893522658688,0.24630730395578926,0.14719838466763954,100
OLS,beta_ols,1.4,0.2,0.4,2.0,72,12,-0.06647812110707065,0.1694014753307559,0.1997817066449716,0.1240563726070188,100
OLS,beta_ols,1.4,0.3,0.3,1.0,36,6,-0.1842033570105528,0.25053751879738284,0.24959809040115222,0.18212561730347737,100
OLS,beta_ols,1.4,0.3,0.3,1.0,36,12,-0.20458823029597167,0.2378607753269719,0.19370772158292585,0.1505077269848651,100
OLS,beta_ols,1.4,0.3,0.3,1.0,72,6,-0.15571858450697076,0.2161030359997034,0.20263988759388568,0.13558720104441294,100
OLS,beta_ols,1.4,0.3,0.3,1.0,72,12,-0.18212625163175755,0.2139248275259244,0.18349462196778266,0.1447384029290456,100
OLS,beta_ols,1.4,0.4,0.2,0.5,36,6,-0.24829643646435326,0.28686540047914244,0.24250602090298648,0.1948333679168788,100
OLS,beta_ols,1.4,0.4,0.2,0.5,36,12,-0.31366422430591717,0.3151015520805638,0.15848833468941928,0.15558175023508944,100
OLS,beta_ols,1.4,0.4,0.2,0.5,72,6,-0.24099858784740247,0.2785913564980539,0.21948257427186302,0.1686489685107132,100
OLS,beta_ols,1.4,0.4,0.2,0.5,72,12,-0.2868192728791809,0.28696835707404733,0.14488044328658534,0.1445819356376854,100
RMA,beta_rma,0.6,0.2,0.4,2.0,36,6,0.4076333333785715,0.4718732483948351,0.3549017804577881,0.2624597957956796,100
RMA,beta_rma,0.6,0.2,0.4,2.0,36,12,0.5365199444041772,0.5365199444041772,0.16103861310047732,0.16103861310047732,100
RMA,beta_rma,0.6,0.2,0.4,2.0,72,6,0.4476881851440474,0.4811012699943474,0.3061565631420012,0.24976919016226365,100
RMA,beta_rma,0.6,0.2,0.4,2.0,72,12,0.5770052417953119,0.5770052417953119,0.15508333900635832,0.15508333900635832,100
RMA,beta_rma,0.6,0.3,0.3,1.0,36,6,0.3771916584873351,0.4100504811982877,0.298882978933493,0.25139986830649214,100
RMA,beta_rma,0.6,0.3,0.3,1.0,36,12,0.4573095517428042,0.4573095517428042,0.1611321818503827,0.1611321818503827,100
RMA,beta_rma,0.6,0.3,0.3,1.0,72,6,0.33321989605390023,0.39404720837873186,0.32603839149913777,0.24822667853902639,100
RMA,beta_rma,0.6,0.3,0.3,1.0,72,12,0.44984302027337925,0.44984302027337925,0.1622697078889789,0.1622697078889789,100
RMA,beta_rma,0.6,0.4,0.2,0.5,36,6,0.3379180231487747,0.3667514365763843,0.2579564651883592,0.2145187159339298,100
RMA,beta_rma,0.6,0.4,0.2,0.5,36,12,0.36117935168913645,0.36117935168913645,0.15100522714984868,0.15100522714984868,100
RMA,beta_rma,0.6,0.4,0.2,0.5,72,6,0.2720241325938526,0.36120200680422165,0.36106263521164045,0.270787857766356,100
RMA,beta_rma,0.6,0.4,0.2,0.5,72,12,0.3761509381938059,0.3761509381938059,0.14943030588730744,0.14943030588730744,100
RMA,beta_rma,1.0,0.2,0.4,2.0,36,6,0.2888738364996418,0.2960652242659512,0.20220545995086714,0.19141064309720332,100
RMA,beta_rma,1.0,0.2,0.4,2.0,36,12,0.36679036996044234,0.36773807426561433,0.15381455178670714,0.1515116137464996,100
RMA,beta_rma,1.0,0.2,0.4,2.0,72,6,0.3123848604323788,0.315031512701319,0.20905994190381583,0.2050091048685498,100
RMA,beta_rma,1.0,0.2,0.4,2.0,72,12,0.38259217280642416,0.38259217280642416,0.17113404681335817,0.17113404681335817,100
RMA,beta_rma,1.0,0.3,0.3,1.0,36,6,0.2152784751989141,0.23304940603330188,0.1744508482897341,0.14961757214565405,100
RMA,beta_rma,1.0,0.3,0.3,1.0,36,12,0.304910596218066,0.30805315386593324,0.17229786819885515,0.16655576889693124,100
RMA,beta_rma,1.0,0.3,0.3,1.0,72,6,0.22017780315620505,0.2569657419853858,0.22751235507635584,0.18447612268876826,100
RMA,beta_rma,1.0,0.3,0.3,1.0,72,12,0.30851803632431307,0.30851803632431307,0.16652843189556363,0.16652843189556363,100
RMA,beta_rma,1.0,0.4,0.2,0.5,36,6,0.16972639301660833,0.21215698625445864,0.2130404993534986,0.170349769387272,100
RMA,beta_rma,1.0,0.4,0.2,0.5,36,12,0.2259410835958653,0.22794093730372336,0.15356315724121003,0.150548254577752,100
RMA,beta_rma,1.0,0.4,0.2,0.5,72,6,0.15353441794016714,0.19618353382940348,0.20615216944613446,0.16562879374456685,100
RMA,beta_rma,1.0,0.4,0.2,0.5,72,12,0.20190315009447798,0.21663702355314804,0.1604160795862379,0.139657833842437,100
RMA,beta_rma,1.4,0.2,0.4,2.0,36,6,0.1921361262840476,0.22243805346496795,0.20806424980456192,0.17493268003972898,100
RMA,beta_rma,1.4,0.2,0.4,2.0,36,12,0.2944429884671414,0.2946960005273364,0.16802910484535472,0.16758047367339426,100
RMA,beta_rma,1.4,0.2,0.4,2.0,72,6,0.2311137466883626,0.2543321573088216,0.23176580664224808,0.20574317840163775,100
RMA,beta_rma,1.4,0.2,0.4,2.0,72,12,0.2955047127367751,0.3020763643487503,0.19381719701972092,0.18329850951209098,100
RMA,beta_rma,1.4,0.3,0.3,1.0,36,6,0.12468054707826778,0.22015662146870532,0.25806201790743627,0.18259173944057291,100
RMA,beta_rma,1.4,0.3,0.3,1.0,36,12,0.15965202037487758,0.19601156630650315,0.18825705692623562,0.149593880430237,100
RMA,beta_rma,1.4,0.3,0.3,1.0,72,6,0.13523425821253007,0.19340478773950726,0.21855664545169937,0.16869142791091807,100
RMA,beta_rma,1.4,0.3,0.3,1.0,72,12,0.18933019406753368,0.21745015013201766,0.1950446697750345,0.16275206889028904,100
RMA,beta_rma,1.4,0.4,0.2,0.5,36,6,0.07388114378108031,0.21309703506967959,0.27124550977376927,0.18225983881832247,100
RMA,beta_rma,1.4,0.4,0.2,0.5,36,12,0.06943404127031488,0.1524496988335206,0.17695257831845324,0.11272236491499722,100
RMA,beta_rma,1.4,0.4,0.2,0.5,72,6,0.07935779504438747,0.17897105759062445,0.22409534823995164,0.15564644612996023,100
RMA,beta_rma,1.4,0.4,0.2,0.5,72,12,0.1182059667274087,0.16031665206878068,0.1521306535931623,0.1062849231707337,100
Random Forest,beta_rf,0.6,0.2,0.4,2.0,36,6,-0.46833234500091225,0.46833234500091225,0.05951138112962865,0.05951138112962865,100
Random Forest,beta_rf,0.6,0.2,0.4,2.0,36,12,-0.479559483686654,0.479559483686654,0.04204328749774942,0.04204328749774942,100
Random Forest,beta_rf,0.6,0.2,0.4,2.0,72,6,-0.46709910681278366,0.46709910681278366,0.053915390050671426,0.053915390050671426,100
Random Forest,beta_rf,0.6,0.2,0.4,2.0,72,12,-0.4727652894566997,0.4727652894566997,0.040127366321108464,0.040127366321108464,100
Random Forest,beta_rf,0.6,0.3,0.3,1.0,36,6,-0.4728755826695143,0.4728755826695143,0.05700578602353618,0.05700578602353618,100
Random Forest,beta_rf,0.6,0.3,0.3,1.0,36,12,-0.48424985173829177,0.48424985173829177,0.03353864171561687,0.03353864171561687,100
Random Forest,beta_rf,0.6,0.3,0.3,1.0,72,6,-0.48920496674068864,0.48920496674068864,0.050151799082051474,0.050151799082051474,100
Random Forest,beta_rf,0.6,0.3,0.3,1.0,72,12,-0.48952660387248903,0.48952660387248903,0.02913423482827975,0.02913423482827975,100
Random Forest,beta_rf,0.6,0.4,0.2,0.5,36,6,-0.47623994349659166,0.47623994349659166,0.050893799368500726,0.050893799368500726,100
Random Forest,beta_rf,0.6,0.4,0.2,0.5,36,12,-0.5013530216186848,0.5013530216186848,0.03004967436504002,0.03004967436504002,100
Random Forest,beta_rf,0.6,0.4,0.2,0.5,72,6,-0.49311710668024294,0.49311710668024294,0.05291612744603843,0.05291612744603843,100
Random Forest,beta_rf,0.6,0.4,0.2,0.5,72,12,-0.5028842890428993,0.5028842890428993,0.029384441700865568,0.029384441700865568,100
Random Forest,beta_rf,1.0,0.2,0.4,2.0,36,6,-0.7820678456212024,0.7820678456212024,0.0624892983704688,0.0624892983704688,100
Random Forest,beta_rf,1.0,0.2,0.4,2.0,36,12,-0.8043150996296261,0.8043150996296261,0.04855205335068123,0.04855205335068123,100
Random Forest,beta_rf,1.0,0.2,0.4,2.0,72,6,-0.7899167861782986,0.7899167861782986,0.05577507692297976,0.05577507692297976,100
Random Forest,beta_rf,1.0,0.2,0.4,2.0,72,12,-0.8130859051420947,0.8130859051420947,0.04195797745054337,0.04195797745054337,100
Random Forest,beta_rf,1.0,0.3,0.3,1.0,36,6,-0.7993564837124023,0.7993564837124023,0.056120460537603827,0.056120460537603827,100
Random Forest,beta_rf,1.0,0.3,0.3,1.0,36,12,-0.8203110963126014,0.8203110963126014,0.04601997238293917,0.04601997238293917,100
Random Forest,beta_rf,1.0,0.3,0.3,1.0,72,6,-0.8086050673167341,0.8086050673167341,0.05246907557421297,0.05246907557421297,100
Random Forest,beta_rf,1.0,0.3,0.3,1.0,72,12,-0.8254899581143035,0.8254899581143035,0.033713284521160736,0.033713284521160736,100
Random Forest,beta_rf,1.0,0.4,0.2,0.5,36,6,-0.8165839333849924,0.8165839333849924,0.051510323756356634,0.051510323756356634,100
Random Forest,beta_rf,1.0,0.4,0.2,0.5,36,12,-0.8287239304926289,0.8287239304926289,0.040668925027404296,0.040668925027404296,100
Random Forest,beta_rf,1.0,0.4,0.2,0.5,72,6,-0.8308683871983756,0.8308683871983756,0.04482767505156131,0.04482767505156131,100
Random Forest,beta_rf,1.0,0.4,0.2,0.5,72,12,-0.8556235963646946,0.8556235963646946,0.030886628131515874,0.030886628131515874,100
Random Forest,beta_rf,1.4,0.2,0.4,2.0,36,6,-1.109263213559389,1.109263213559389,0.057306058148242855,0.057306058148242855,100
Random Forest,beta_rf,1.4,0.2,0.4,2.0,36,12,-1.1265320485310786,1.1265320485310786,0.05332013461337374,0.05332013461337374,100
Random Forest,beta_rf,1.4,0.2,0.4,2.0,72,6,-1.1118700833178388,1.1118700833178388,0.05782156451612341,0.05782156451612341,100
Random Forest,beta_rf,1.4,0.2,0.4,2.0,72,12,-1.1349990401153947,1.1349990401153947,0.050087335886541066,0.050087335886541066,100
Random Forest,beta_rf,1.4,0.3,0.3,1.0,36,6,-1.1193307953391531,1.1193307953391531,0.06683576771955771,0.06683576771955771,100
Random Forest,beta_rf,1.4,0.3,0.3,1.0,36,12,-1.1506619104013471,1.1506619104013471,0.05754554638093869,0.05754554638093869,100
Random Forest,beta_rf,1.4,0.3,0.3,1.0,72,6,-1.1307420699969324,1.1307420699969324,0.05880569459644835,0.05880569459644835,100
Random Forest,beta_rf,1.4,0.3,0.3,1.0,72,12,-1.159810137534819,1.159810137534819,0.04395422148730034,0.04395422148730034,100
Random Forest,beta_rf,1.4,0.4,0.2,0.5,36,6,-1.1517594809640999,1.1517594809640999,0.06009380982581485,0.06009380982581485,100
Random Forest,beta_rf,1.4,0.4,0.2,0.5,36,12,-1.1826721165681304,1.1826721165681304,0.042008577684797425,0.042008577684797425,100
Random Forest,beta_rf,1.4,0.4,0.2,0.5,72,6,-1.1576820048394048,1.1576820048394048,0.05874984151325749,0.05874984151325749,100
Random Forest,beta_rf,1.4,0.4,0.2,0.5,72,12,-1.1830409295063524,1.1830409295063524,0.04408863769642611,0.04408863769642611,100
SMA (Major Axis),beta_majoraxis,0.6,0.2,0.4,2.0,36,6,0.4797280529390468,0.5981083057165517,0.7311019963331483,0.6368883377080644,100
SMA (Major Axis),beta_majoraxis,0.6,0.2,0.4,2.0,36,12,0.7604976302816456,0.7644365841200869,0.4964866884916477,0.49033836601430236,100
SMA (Major Axis),beta_majoraxis,0.6,0.2,0.4,2.0,72,6,0.5077724603547938,0.5973436930274891,0.681312043961742,0.6034895362251339,100
SMA (Major Axis),beta_majoraxis,0.6,0.2,0.4,2.0,72,12,0.8188381526002003,0.8194733441228768,0.4370504857526906,0.435846273348056,100
SMA (Major Axis),beta_majoraxis,0.6,0.3,0.3,1.0,36,6,0.47047457813470345,0.556716075339967,0.7963547688228951,0.7380376990575003,100
SMA (Major Axis),beta_majoraxis,0.6,0.3,0.3,1.0,36,12,0.5273446583413055,0.5510288779994766,0.3647618395774262,0.32749470179619833,100
SMA (Major Axis),beta_majoraxis,0.6,0.3,0.3,1.0,72,6,0.45472736289321475,0.5599176055975232,1.4489929261616057,1.4113014069231617,100
SMA (Major Axis),beta_majoraxis,0.6,0.3,0.3,1.0,72,12,0.5389102601118202,0.548063077787158,0.4120458958182157,0.39966543240172187,100
SMA (Major Axis),beta_majoraxis,0.6,0.4,0.2,0.5,36,6,0.325805080697438,0.40411185166166824,0.39946770682721155,0.31912327225320153,100
SMA (Major Axis),beta_majoraxis,0.6,0.4,0.2,0.5,36,12,0.33063002615122167,0.3621315829399893,0.3381558481260607,0.30381881674753247,100
SMA (Major Axis),beta_majoraxis,0.6,0.4,0.2,0.5,72,6,0.26990674139715937,0.41860707146111376,0.6090159528505398,0.5171885880885811,100
SMA (Major Axis),beta_majoraxis,0.6,0.4,0.2,0.5,72,12,0.3699219859298742,0.3971429443668025,0.36321701002969387,0.33291957324195676,100
SMA (Major Axis),beta_majoraxis,1.0,0.2,0.4,2.0,36,6,0.4237985118971654,0.43677212448990493,0.3047821277642166,0.2856827970150966,100
SMA (Major Axis),beta_majoraxis,1.0,0.2,0.4,2.0,36,12,0.6071489146333409,0.6088398165732996,0.29425975852210734,0.290709337509515,100
SMA (Major Axis),beta_majoraxis,1.0,0.2,0.4,2.0,72,6,0.4452939725169236,0.4491140649457948,0.31133951088737916,0.3057467208822791,100
SMA (Major Axis),beta_majoraxis,1.0,0.2,0.4,2.0,72,12,0.6032788265054658,0.6032788265054658,0.28122239302806107,0.28122239302806107,100
SMA (Major Axis),beta_majoraxis,1.0,0.3,0.3,1.0,36,6,0.3057489636738381,0.3375601325508055,0.2518538212458041,0.20678303054280225,100
SMA (Major Axis),beta_majoraxis,1.0,0.3,0.3,1.0,36,12,0.5110476930608978,0.5166727580438776,0.31662819977109535,0.30726865880926507,100
SMA (Major Axis),beta_majoraxis,1.0,0.3,0.3,1.0,72,6,0.30680167744870274,0.36393561124333584,0.3236682079085311,0.25700614675841166,100
SMA (Major Axis),beta_majoraxis,1.0,0.3,0.3,1.0,72,12,0.4996400961151421,0.4996400961151421,0.2941279281780294,0.2941279281780294,100
SMA (Major Axis),beta_majoraxis,1.0,0.4,0.2,0.5,36,6,0.26328165609478543,0.324807597240521,0.3324981285343776,0.2720418688715368,100
SMA (Major Axis),beta_majoraxis,1.0,0.4,0.2,0.5,36,12,0.3599996751490254,0.36309309846300536,0.2536904464857166,0.24919754479326042,100
SMA (Major Axis),beta_majoraxis,1.0,0.4,0.2,0.5,72,6,0.22138276064955492,0.28171894568122613,0.2962708225985026,0.23898649358953353,100
SMA (Major Axis),beta_majoraxis,1.0,0.4,0.2,0.5,72,12,0.3340183639652187,0.3567513974045676,0.27767273734972714,0.24746765015092254,100
SMA (Major Axis),beta_majoraxis,1.4,0.2,0.4,2.0,36,6,0.37258223770361804,0.3844120755750744,0.27610725577448714,0.25920964669179325,100
SMA (Major Axis),beta_majoraxis,1.4,0.2,0.4,2.0,36,12,0.5401405831033226,0.5401405831033226,0.23075006557668273,0.23075006557668273,100
SMA (Major Axis),beta_majoraxis,1.4,0.2,0.4,2.0,72,6,0.3918843309062161,0.3990106132422755,0.2785564510769411,0.2681429190796882,100
SMA (Major Axis),beta_majoraxis,1.4,0.2,0.4,2.0,72,12,0.5269143672065465,0.5279497792113736,0.25363098690340047,0.2514466663166799,100
SMA (Major Axis),beta_majoraxis,1.4,0.3,0.3,1.0,36,6,0.2855064645585444,0.34126077728869897,0.3563415473945606,0.30278926999620565,100
SMA (Major Axis),beta_majoraxis,1.4,0.3,0.3,1.0,36,12,0.3689455323601329,0.38003180327310326,0.26474286002213504,0.24839795470552264,100
SMA (Major Axis),beta_majoraxis,1.4,0.3,0.3,1.0,72,6,0.2861038839489255,0.31621112410031466,0.2854807139213028,0.2513603454793078,100
SMA (Major Axis),beta_majoraxis,1.4,0.3,0.3,1.0,72,12,0.40897221271354206,0.41564145644574324,0.2732368843403592,0.26287505475795636,100
SMA (Major Axis),beta_majoraxis,1.4,0.4,0.2,0.5,36,6,0.2377911290888578,0.33508646373311957,0.38390516320888485,0.30179768708614746,100
SMA (Major Axis),beta_majoraxis,1.4,0.4,0.2,0.5,36,12,0.2723435463910564,0.30569074652352757,0.26642637932353114,0.22696362053122954,100
SMA (Major Axis),beta_majoraxis,1.4,0.4,0.2,0.5,72,6,0.2383368006174477,0.3011706394517947,0.29935127134434847,0.23530712421588215,100
SMA (Major Axis),beta_majoraxis,1.4,0.4,0.2,0.5,72,12,0.3512881616462857,0.3668662947383241,0.23738884345847983,0.21225680716587553,100
Siegel,beta_siegel,0.6,0.2,0.4,2.0,36,6,-0.0612273933785135,0.20539209313268786,0.26062211144650677,0.17058286266189474,100
Siegel,beta_siegel,0.6,0.2,0.4,2.0,36,12,-0.05609592168978841,0.17100927247889947,0.20193152189666816,0.1200637763883017,100
Siegel,beta_siegel,0.6,0.2,0.4,2.0,72,6,-0.022377360975109197,0.20517458035650615,0.2499236828155144,0.14298889770948234,100
Siegel,beta_siegel,0.6,0.2,0.4,2.0,72,12,-0.02981746976130912,0.13998228741025284,0.17733835467839446,0.11204456109381945,100
Siegel,beta_siegel,0.6,0.3,0.3,1.0,36,6,-0.07559121474619493,0.19504411889437415,0.24273146257872266,0.1620612202812968,100
Siegel,beta_siegel,0.6,0.3,0.3,1.0,36,12,-0.07652758153644638,0.14765529148407266,0.17359989972949416,0.11844933096843224,100
Siegel,beta_siegel,0.6,0.3,0.3,1.0,72,6,-0.10407288229510167,0.20595487889186573,0.23766546402139993,0.15677873731862213,100
Siegel,beta_siegel,0.6,0.3,0.3,1.0,72,12,-0.08072659217664054,0.1420877475458661,0.15712349989462165,0.1042954765220879,100
Siegel,beta_siegel,0.6,0.4,0.2,0.5,36,6,-0.08106088931008382,0.1593455568129049,0.1941703194819156,0.13671822064495376,100
Siegel,beta_siegel,0.6,0.4,0.2,0.5,36,12,-0.14133990254369141,0.1826173242709503,0.17017035347963302,0.12430107892023928,100
Siegel,beta_siegel,0.6,0.4,0.2,0.5,72,6,-0.12867312928490995,0.201712400075848,0.22378645187775104,0.16032937731906782,100
Siegel,beta_siegel,0.6,0.4,0.2,0.5,72,12,-0.13789551658007088,0.16119282010470073,0.1532494316379661,0.1282460649915718,100
Siegel,beta_siegel,1.0,0.2,0.4,2.0,36,6,-0.09400167972899609,0.2113541914299455,0.24400208065156653,0.15277687819380184,100
Siegel,beta_siegel,1.0,0.2,0.4,2.0,36,12,-0.09808334886116278,0.1681689625515222,0.1868401748360299,0.12672925798683934,100
Siegel,beta_siegel,1.0,0.2,0.4,2.0,72,6,-0.044135845810135035,0.19618349049947065,0.2458396142232086,0.15338851346713878,100
Siegel,beta_siegel,1.0,0.2,0.4,2.0,72,12,-0.060362975233164355,0.16229817714179895,0.1907189455619095,0.11596311460643526,100
Siegel,beta_siegel,1.0,0.3,0.3,1.0,36,6,-0.1269762151365023,0.1911033325694203,0.21786445767495832,0.1638943617338867,100
Siegel,beta_siegel,1.0,0.3,0.3,1.0,36,12,-0.15652251761143154,0.19274405332045175,0.18457394039513542,0.1459067521069013,100
Siegel,beta_siegel,1.0,0.3,0.3,1.0,72,6,-0.12278285078025475,0.2189731471158135,0.23710877816006984,0.15170664222315533,100
Siegel,beta_siegel,1.0,0.3,0.3,1.0,72,12,-0.12984486431933123,0.16732840662578505,0.16221712760860413,0.12273049085178042,100
Siegel,beta_siegel,1.0,0.4,0.2,0.5,36,6,-0.19053089541650606,0.23767575428492227,0.20664595428510876,0.14936830911937068,100
Siegel,beta_siegel,1.0,0.4,0.2,0.5,36,12,-0.18896398708461346,0.20145131837484304,0.13688637439771245,0.11753037621859988,100
Siegel,beta_siegel,1.0,0.4,0.2,0.5,72,6,-0.1838546408221469,0.22668405449743306,0.19674185393207827,0.1447294651653939,100
Siegel,beta_siegel,1.0,0.4,0.2,0.5,72,12,-0.23489874857129484,0.2366798468825692,0.1429771567567011,0.13997876765652117,100
Siegel,beta_siegel,1.4,0.2,0.4,2.0,36,6,-0.13232576237783053,0.20505665569976897,0.2129936067377177,0.14345832847281026,100
Siegel,beta_siegel,1.4,0.2,0.4,2.0,36,12,-0.08145654445458655,0.1690009360244286,0.18737160290134516,0.11384416362441972,100
Siegel,beta_siegel,1.4,0.2,0.4,2.0,72,6,-0.06232656914546983,0.21549606779119848,0.25658208980274394,0.1511640727031599,100
Siegel,beta_siegel,1.4,0.2,0.4,2.0,72,12,-0.06756344504304389,0.17309203755413058,0.20544163242360625,0.12866119995841258,100
Siegel,beta_siegel,1.4,0.3,0.3,1.0,36,6,-0.19192781054931643,0.25777802212003426,0.25328164431747596,0.18503849233408964,100
Siegel,beta_siegel,1.4,0.3,0.3,1.0,36,12,-0.21771464299887852,0.24559574090260095,0.19601480207825223,0.15929130431500016,100
Siegel,beta_siegel,1.4,0.3,0.3,1.0,72,6,-0.16964934698379763,0.22531318068560868,0.20532738313793272,0.1412520222970345,100
Siegel,beta_siegel,1.4,0.3,0.3,1.0,72,12,-0.18567858636874832,0.21497309146476495,0.18774807460779722,0.1529506208879991,100
Siegel,beta_siegel,1.4,0.4,0.2,0.5,36,6,-0.2611417739434453,0.29419572645959213,0.2387506554865718,0.19611313311803225,100
Siegel,beta_siegel,1.4,0.4,0.2,0.5,36,12,-0.32339844029006726,0.32525314943143163,0.16004720696897673,0.1562046615949979,100
Siegel,beta_siegel,1.4,0.4,0.2,0.5,72,6,-0.2528420611281567,0.28937653837334953,0.224785706053637,0.174696430566542,100
Siegel,beta_siegel,1.4,0.4,0.2,0.5,72,12,-0.29534300851460904,0.29534300851460904,0.14933329020293754,0.14933329020293754,100
Theil-Sen,beta_theilsen,0.6,0.2,0.4,2.0,36,6,-0.056535884578541286,0.2101007953161881,0.26938660248711177,0.17666212754642505,100
Theil-Sen,beta_theilsen,0.6,0.2,0.4,2.0,36,12,-0.05448083066059212,0.17192931376214823,0.20522371696888295,0.12351779099435466,100
Theil-Sen,beta_theilsen,0.6,0.2,0.4,2.0,72,6,-0.018836884502626973,0.20614819094558245,0.25252742818388185,0.1456096641569574,100
Theil-Sen,beta_theilsen,0.6,0.2,0.4,2.0,72,12,-0.03562960735952894,0.14373472995512063,0.1841598450830807,0.11970289981102578,100
Theil-Sen,beta_theilsen,0.6,0.3,0.3,1.0,36,6,-0.07421665511648397,0.19678849622966355,0.24285787659371605,0.1594578833274545,100
Theil-Sen,beta_theilsen,0.6,0.3,0.3,1.0,36,12,-0.06942010825093772,0.15164405792515262,0.1862259047838692,0.12774863996196278,100
Theil-Sen,beta_theilsen,0.6,0.3,0.3,1.0,72,6,-0.10479958879877843,0.2125250805858998,0.24036344955870972,0.1524642231233303,100
Theil-Sen,beta_theilsen,0.6,0.3,0.3,1.0,72,12,-0.07781059220497893,0.14725510639913914,0.1679245038683164,0.11140550422583194,100
Theil-Sen,beta_theilsen,0.6,0.4,0.2,0.5,36,6,-0.07333142966448643,0.16429432862211926,0.20106305018315038,0.1363557394594835,100
Theil-Sen,beta_theilsen,0.6,0.4,0.2,0.5,36,12,-0.13488285304019743,0.18271451223764512,0.18055164790917433,0.13135540365669135,100
Theil-Sen,beta_theilsen,0.6,0.4,0.2,0.5,72,6,-0.12293669910236034,0.202508467645277,0.2270695757879173,0.15938245358024308,100
Theil-Sen,beta_theilsen,0.6,0.4,0.2,0.5,72,12,-0.12887263753171227,0.15852769421987928,0.15779857709347248,0.12763787907535296,100
Theil-Sen,beta_theilsen,1.0,0.2,0.4,2.0,36,6,-0.09783445274621633,0.22467095665130196,0.260695449616771,0.16322828303250428,100
Theil-Sen,beta_theilsen,1.0,0.2,0.4,2.0,36,12,-0.09812874279697567,0.18036350840508286,0.2062299803222824,0.1392757302076172,100
Theil-Sen,beta_theilsen,1.0,0.2,0.4,2.0,72,6,-0.037357949931986024,0.19452371524625403,0.2487533336233852,0.15832321948168313,100
Theil-Sen,beta_theilsen,1.0,0.2,0.4,2.0,72,12,-0.058377109786431285,0.16386478572865448,0.19420315245554667,0.11846635598156247,100
Theil-Sen,beta_theilsen,1.0,0.3,0.3,1.0,36,6,-0.11581494401421859,0.19205345766545698,0.2277707079056828,0.1678421308573139,100
Theil-Sen,beta_theilsen,1.0,0.3,0.3,1.0,36,12,-0.1509834176215047,0.19659202928442648,0.1943955441579522,0.14757055402496436,100
Theil-Sen,beta_theilsen,1.0,0.3,0.3,1.0,72,6,-0.12414584376035201,0.222429282456816,0.24674889125555083,0.16272170582521428,100
Theil-Sen,beta_theilsen,1.0,0.3,0.3,1.0,72,12,-0.12066576922751786,0.16092792677720685,0.16453787718181137,0.1249824882427693,100
Theil-Sen,beta_theilsen,1.0,0.4,0.2,0.5,36,6,-0.18629076113167595,0.23638512423586278,0.20506415378276133,0.14374892118343885,100
Theil-Sen,beta_theilsen,1.0,0.4,0.2,0.5,36,12,-0.1781604143373583,0.1931395915960821,0.1406879992871224,0.11905950217228423,100
Theil-Sen,beta_theilsen,1.0,0.4,0.2,0.5,72,6,-0.17241006645645537,0.22052180359144857,0.20202712607350273,0.1473749263555396,100
Theil-Sen,beta_theilsen,1.0,0.4,0.2,0.5,72,12,-0.22955548349627544,0.23302145855156425,0.15128162640439421,0.14583091440554402,100
Theil-Sen,beta_theilsen,1.4,0.2,0.4,2.0,36,6,-0.13276832883420991,0.19952012794153795,0.2074089689451256,0.1435742980942095,100
Theil-Sen,beta_theilsen,1.4,0.2,0.4,2.0,36,12,-0.07808171808944868,0.17247977939699674,0.19121782716644056,0.11257363583812072,100
Theil-Sen,beta_theilsen,1.4,0.2,0.4,2.0,72,6,-0.06462139190892388,0.22180963691330136,0.26293819026691406,0.1538119547391372,100
Theil-Sen,beta_theilsen,1.4,0.2,0.4,2.0,72,12,-0.06038238419182937,0.17751714865319904,0.21244732625439408,0.13033066734870136,100
Theil-Sen,beta_theilsen,1.4,0.3,0.3,1.0,36,6,-0.18375426637548695,0.258591657421039,0.2665747857420874,0.1939683415617637,100
Theil-Sen,beta_theilsen,1.4,0.3,0.3,1.0,36,12,-0.21493025943842056,0.24492833514329299,0.2061934497965398,0.16906070996642972,100
Theil-Sen,beta_theilsen,1.4,0.3,0.3,1.0,72,6,-0.1684636771624538,0.22338609093797906,0.2092384441759537,0.14846549833705833,100
Theil-Sen,beta_theilsen,1.4,0.3,0.3,1.0,72,12,-0.17456611166993696,0.2124785447599738,0.19740181241119084,0.15538806471084346,100
Theil-Sen,beta_theilsen,1.4,0.4,0.2,0.5,36,6,-0.2547113495002946,0.28999624525910844,0.242317128178458,0.1982511008604307,100
Theil-Sen,beta_theilsen,1.4,0.4,0.2,0.5,36,12,-0.3109778244437037,0.3139272253559295,0.16692850471274925,0.16125573799154072,100
Theil-Sen,beta_theilsen,1.4,0.4,0.2,0.5,72,6,-0.244143250153011,0.2822667361675068,0.23067905868865266,0.1814980203718927,100
Theil-Sen,beta_theilsen,1.4,0.4,0.2,0.5,72,12,-0.283648474956606,0.28547379381905325,0.15494515873717515,0.1515212175751207,100
