sim_id,beta_true,n,beta_ols,cover_ols,beta_odr,beta_deming,cover_deming,beta_theilsen,beta_huber,cover_huber,beta_quantile,cover_quantile,beta_sma,beta_majoraxis,beta_rma,beta_pbablok,beta_ridge,beta_lasso,beta_enet,beta_adaptive_lasso,beta_rf,beta_gb,beta_xgb,beta_lgb,beta_svm_linear,beta_svm_rbf,beta_gp,beta_lmer_int,se_lmer_int,cover_lmer_int,var_habitat,var_residual,beta_lmer_slope,se_lmer_slope,beta_clustered,se_clustered,beta_ensemble,beta_trimmed,beta_median
1,0.6,36,0.5585465129064063,1,0.6041177247736687,0.39329689071453455,1,0.5925470329188369,0.58569729561941,1,0.6346042039087295,1,0.7994518312960475,0.7340858826262993,0.7994518312960475,0.5299443175236744,0.48490483909771004,0.4883744179615353,0.4909198188671992,0.12254692527038956,1.0,1.0,1.0,0,0.8158615860954243,0.3122866562218344,,0.558546512906406,0.09532823755068262,1,1.1661672568053927e-05,0.26045843196976737,0.558546512906406,0.09532823755068262,0.5585465129064063,0.588551683106558,0.5922729263398682,0.6052489673971881,0.5585465129064063
2,0.6,36,0.7062997766978423,1,0.7472188442995042,0.5421246877411002,1,0.6673310094957682,0.6593398320480058,1,0.6320545349303175,1,0.8641968155587838,0.8408261818360687,0.8641968155587838,0.685115427318808,0.5952466339311794,0.6017812626514899,0.6037624503994924,0.2266854832686878,1.0,1.0,1.0,0,0.7225269749393843,0.39892674791743504,,0.7062997766978432,0.08299544188597212,1,8.330050046020584e-06,0.18604807848262236,0.7062997766978432,0.08299544188597212,0.7062997766978423,0.5124096308419752,0.6728927308124427,0.6973603855482892,0.7062997766978423
3,0.6,36,0.5419067738807732,1,0.5720459248915858,0.36399815280264536,1,0.5208950374235036,0.5310342325429115,1,0.49691489085225515,1,0.7216438575823917,0.6585990183460865,0.7216438575823917,0.5198219871908707,0.4572445270753338,0.4599457639385376,0.4626326009338683,0.10274919133390767,1.0,1.0,1.0,0,0.7095867515533514,0.3130262424284554,,0.5419067738807727,0.07942622460996394,1,7.647140694884135e-06,0.1707955923838253,0.5419067738807727,0.07942622460996394,0.5419067738807732,0.49037346517751723,0.5556264840000515,0.5619294705614358,0.5419067738807727
4,0.6,36,0.4437718962826893,1,0.49255237736634744,0.22941043744022047,0,0.4685582986332196,0.4791653954542961,1,0.5487346735473857,1,0.7840653650284466,0.6633979357899462,0.7840653650284466,0.453965350915429,0.351919540404417,0.35169508319342857,0.35492048078948124,0.04684497484958999,1.0,1.0,1.0,0,0.6250718033695788,0.22815901210415865,,0.44377189628269026,0.10773230722320454,1,1.242746257435632e-05,0.27756202179406253,0.44377189628269026,0.10773230722320454,0.4437718962826893,0.665133777465036,0.5059832034367457,0.504777300220819,0.453965350915429
5,0.6,36,0.6029864112573279,1,0.6731323499985915,0.37543078842893013,1,0.6262933384572038,0.6150749419254523,1,0.6545624267505024,1,0.907060598990651,0.8672698613813197,0.907060598990651,0.607605200720618,0.45151808955442996,0.45406025870871947,0.4567763768245965,0.09893690677969261,1.0,1.0,1.0,0,0.6938420680480434,0.3075372893163798,,0.6029864112573282,0.11293635352124062,1,1.2176603095626223e-05,0.2719591834251347,0.6029864112573282,0.11293635352124062,0.6029864112573279,0.6972632942416908,0.613395945213265,0.6320615701644947,0.607605200720618
6,0.6,36,0.30303239317451636,0,0.33104037656729024,0.07062353182131284,0,0.3115608075907107,0.2837818685957326,0,0.4523601909366813,1,0.6623874046951006,0.4452561688307728,0.6623874046951006,0.3168536151366852,0.23807447191310196,0.2346876516884659,0.23849517580941879,0.014503451061250847,1.0,1.0,1.0,0,0.5493413113229287,0.16905384243890675,,0.3030323931745157,0.09816771965842107,0,1.0127641571740156e-05,0.22619651065836666,0.3030323931745157,0.09816771965842107,0.30303239317451636,0.6060825010110836,0.3996755150348488,0.3777912313021196,0.30303239317451636
7,0.6,36,0.4465306051049388,1,0.5158749454119781,0.1777122295362152,0,0.39514610525393956,0.41911510087247017,1,0.4238281634100936,1,0.8763340155877255,0.7788050845499126,0.8763340155877255,0.42802883909828304,0.3201441519298942,0.3190370450390578,0.32242492043687343,0.03526708655478403,1.0,1.0,1.0,0,0.4496377733294029,0.2598825956303621,,0.44653060510493925,0.12567282539956295,1,1.3822761406363608e-05,0.30872541998527997,0.44653060510493925,0.12567282539956295,0.4465306051049388,0.7758976228879173,0.49494323881080327,0.4920224950575626,0.4465306051049388
8,0.6,36,0.4729816862754616,1,0.5196873165045647,0.23428964582962591,0,0.41983391810058746,0.3821721761966725,0,0.27740108371960087,0,0.778018524321184,0.6734982911043781,0.778018524321184,0.40325738672835515,0.35564852879714093,0.35552765459706165,0.3587339846736932,0.04834993718985343,1.0,1.0,1.0,0,0.43855857817193344,0.2395008320075292,,0.4729816862754616,0.1029564563615412,1,1.0204316584140045e-05,0.22790901402206826,0.4729816862754616,0.1029564563615412,0.4729816862754616,0.6356479175024675,0.4849749185810962,0.4792670100092294,0.43855857817193344
9,0.6,36,0.5867317252078242,1,0.6556609790896281,0.3958720484500584,1,0.5855772085230077,0.5664554323750051,1,0.6514574270365686,1,0.8973591119306309,0.8515842306796105,0.8973591119306309,0.5959002084049082,0.47569901573984685,0.47891287728817605,0.4815053505354986,0.11569900475633008,1.0,1.0,1.0,0,0.6661178345449259,0.3451489678074913,,0.5867317252078239,0.1131615436247841,1,1.4331988711503386e-05,0.3200987924323154,0.5867317252078239,0.1131615436247841,0.5867317252078242,0.6986536064709395,0.6090102482575483,0.6258703529035413,0.5867317252078242
10,0.6,36,0.6356018909484503,1,0.6715464415877704,0.5101316098923809,1,0.6889289513804182,0.656678590001426,1,0.7270697191705326,1,0.8006021315985914,0.7624229639127391,0.8006021315985914,0.6818755524847313,0.6096736015502566,0.6166089793710967,0.6185163973841759,0.24357069591167682,1.0,1.0,1.0,0,0.8549982970713369,0.5675727463659038,,0.6356018909484503,0.08113329384807352,1,1.0312073623452626e-05,0.23031572106447307,0.6356018909484503,0.08113329384807352,0.6356018909484503,0.500912823704257,0.6675307118728447,0.6899808251138817,0.656678590001426
11,0.6,36,0.6537215022207304,1,0.7099221545499378,0.4769847748567093,1,0.7273927622561807,0.6809862221404523,1,0.6587062469907237,1,0.883584758403837,0.850150108138982,0.883584758403837,0.6760035876298038,0.5401351329130841,0.5451388866051144,0.5474018772190193,0.16937142633241775,1.0,1.0,1.0,0,0.7819220696632846,0.2884272627107563,,0.65372150222073,0.09907491873687177,1,1.140959245805796e-05,0.2548283313303456,0.65372150222073,0.09907491873687177,0.6537215022207304,0.6116835019133715,0.6536781755520461,0.6771171900718232,0.6587062469907237
12,0.6,36,0.67220437461328,1,0.7164019133146049,0.46293922277539096,1,0.6283350147946549,0.6617179887529685,1,0.571942946817966,1,0.8534577997674131,0.8226900741138616,0.8534577997674131,0.6515353762996796,0.5146806434547615,0.5189773279951717,0.5213704756170862,0.14653668763988986,1.0,1.0,1.0,0,0.706624357292605,0.3648397738938696,,0.6722043746132804,0.08764376993999354,1,7.667229639851683e-06,0.17124427031197897,0.6722043746132804,0.08764376993999354,0.67220437461328,0.5411081714855198,0.6384489087282808,0.6598835901637141,0.67220437461328
13,0.6,36,0.4917629517514564,1,0.5639732462415865,0.24860844860150644,0,0.499293729436662,0.5212580157305627,1,0.45027688942567207,1,0.8885094830410909,0.8132986153712537,0.8885094830410909,0.515461884365296,0.3654628030839815,0.36561454761409196,0.3687706941433751,0.052464121788109136,1.0,1.0,1.0,0,0.5302429588202713,0.3104085054455536,,0.49176295175145623,0.12333539421010603,1,1.4304529230779194e-05,0.3194854967658622,0.49176295175145623,0.12333539421010603,0.4917629517514564,0.7614664417809636,0.5369219666589533,0.5419337427035695,0.4917629517514564
14,0.6,36,0.46549459998900916,1,0.49887589312772757,0.27463451556865476,0,0.493827401339028,0.4920830969274092,1,0.46801303645749026,1,0.7069874811208848,0.6058719514163708,0.7069874811208848,0.5069043368552459,0.3869408743911251,0.3876892320131008,0.39073555424189127,0.06226825437112284,1.0,1.0,1.0,0,0.6540090809855741,0.21041255729296376,,0.46549459998900883,0.088685786760952,1,9.25318698234473e-06,0.20666594419327222,0.46549459998900883,0.088685786760952,0.46549459998900916,0.5475415302631264,0.50905300639937,0.5076816259375994,0.46801303645749026
15,0.6,36,0.5986299022234232,1,0.6650180925424047,0.37600991592087357,1,0.6307003905720778,0.6004818576991017,1,0.6546135792036072,1,0.8929983593400579,0.8489550675856304,0.8929983593400579,0.607591867000377,0.45292594092104327,0.4555072170577389,0.45821613637585956,0.09986526305810596,1.0,1.0,1.0,0,0.7021636403465207,0.5070420066862086,,0.5986299022234228,0.1104395649147344,1,1.1888041717452725e-05,0.26551428938202104,0.5986299022234228,0.1104395649147344,0.5986299022234232,0.6818482485587235,0.619113360980146,0.6389337915518554,0.6004818576991017
16,0.6,36,0.7712828896618928,1,0.8389242767688728,0.5290144532652902,1,0.7468825348689966,0.7336310827405589,1,0.683068263705325,1,0.984658552484527,0.9809941537963017,0.984658552484527,0.7424846095277773,0.543898809587998,0.5490071098543312,0.551250855576449,0.17293670878782752,1.0,1.0,1.0,0,0.7013068153652139,0.3753090833259413,,0.7712828896618936,0.10201785915217178,1,8.812205227226733e-06,0.19681680670519774,0.7712828896618936,0.10201785915217178,0.7712828896618928,0.6298530661391475,0.704485105251631,0.738432669052615,0.7468825348689966
17,0.6,36,0.7405997910487362,1,0.8585447030571096,0.37195299178746954,1,0.7315427214186709,0.7939250336559602,1,0.7818672697539981,1,1.0887916673285174,1.129118661309008,1.0887916673285174,0.7385653847262331,0.4396692662591896,0.441882301433056,0.44465900640105077,0.09135055507994827,1.0,1.0,1.0,0,0.7187358439199218,0.3906550692538504,,0.7405997910487374,0.1330182991110811,1,1.0617718242020028e-05,0.23714216192187493,0.7405997910487374,0.1330182991110811,0.7405997910487362,0.8212482034420839,0.6988022307351065,0.7243784433257882,0.7405997910487362
18,0.6,36,0.4443205048571712,1,0.4744082891799067,0.24655144618180808,0,0.44443306279174494,0.4359408048983968,1,0.4502465488991367,1,0.681494794535791,0.5730805393915072,0.681494794535791,0.45630432140314836,0.36513505023485504,0.36527769051915654,0.36843551295438465,0.05232309636335197,1.0,1.0,1.0,0,0.6320784146403727,0.33154747021669007,,0.44432050485717123,0.08612240061274036,1,8.528447086350238e-06,0.19047919089501963,0.44432050485717123,0.08612240061274036,0.4443205048571712,0.5317153147498074,0.4928710372249881,0.488616355779546,0.44432050485717123
19,0.6,36,0.6724183702499513,1,0.7102577898898103,0.545954061387782,1,0.6786983284699255,0.6720929046267802,1,0.7097010324927564,1,0.8310949502997044,0.8011025780159111,0.8310949502997044,0.6470716511870108,0.6371475270907164,0.644846069509903,0.6466130044874657,0.278005168540463,1.0,1.0,1.0,0,0.8325251855556675,0.22236729976039749,,0.6724183702499512,0.08140644797080941,1,1.013075573789829e-05,0.2262660642175051,0.6724183702499512,0.08140644797080941,0.6724183702499513,0.5025992633449586,0.6686193905484263,0.6924146675186003,0.6724183702499513
20,0.6,36,0.587684976444315,1,0.6353782747691582,0.3945745092053962,1,0.5538979249677076,0.5684848388725322,1,0.5495574303818191,1,0.8207428498566193,0.765830788660998,0.8207428498566193,0.5591756354122881,0.47396457943283216,0.4771302621948554,0.47973160417398536,0.11443807020046744,1.0,1.0,1.0,0,0.6517363975720185,0.35863795352137257,,0.5876849764443153,0.09548781103895607,1,1.0097685524526617e-05,0.22552745524903153,0.5876849764443153,0.09548781103895607,0.587684976444315,0.5895368816953034,0.5902071249937361,0.6031750423502875,0.587684976444315
21,0.6,36,0.417176051481314,1,0.4669209855410398,0.1910000740172814,0,0.5134376911312221,0.47645383172695155,1,0.4726435169462852,1,0.7880292304900781,0.6515425336776245,0.7880292304900781,0.48510894017399386,0.32469845240396267,0.3237178538596283,0.3270824416513714,0.03679370489604336,1.0,1.0,1.0,0,0.6439770570925205,0.28101110850237737,,0.41717605148131426,0.11142439018072157,1,1.2805767119502402e-05,0.2860112908017149,0.41717605148131426,0.11142439018072157,0.417176051481314,0.6879285095889819,0.49735438515329206,0.49486090282261425,0.4669209855410398
22,0.6,36,0.6041561712273835,1,0.6618185286644261,0.427733708038381,1,0.5544129419687186,0.567735896323925,1,0.5373752963566336,1,0.8650417124714116,0.8177786702090928,0.8650417124714116,0.5815967267185724,0.5048995133055783,0.5089244997862888,0.5113676614788945,0.13833998391440433,1.0,1.0,1.0,0,0.5728060933180661,0.35922398580510195,,0.6041561712273829,0.10318436642504152,1,1.2660843625393917e-05,0.2827744870086394,0.6041561712273829,0.10318436642504152,0.6041561712273835,0.6370550226259494,0.6039444180756712,0.6185464016750545,0.5815967267185724
23,0.6,36,0.801179125617042,1,0.8697031631644624,0.656020316974137,1,0.780050424310766,0.8072310379318729,0,0.7912308969839106,1,1.0059535140940412,1.0072722828921779,1.0059535140940412,0.7842033759409163,0.6954620216715885,0.7047804111624659,0.7062491653357871,0.36153730860487043,1.0,1.0,1.0,0,0.7088177483619638,0.37469777948776495,,0.8011791256170421,0.10138683910778756,0,1.3187853756130099e-05,0.2945450311979997,0.8011791256170421,0.10138683910778756,0.801179125617042,0.6259571805260431,0.7592991071077798,0.7941640188362025,0.801179125617042
24,0.6,36,0.47359369649600686,1,0.5121114444369811,0.30006203200591614,1,0.4291586057444257,0.4521060713549618,1,0.31992779282066475,1,0.7371056136282241,0.6356648685286622,0.7371056136282241,0.4371889053989252,0.4098642704176283,0.4112493890403402,0.41417849655755246,0.07400363403675222,1.0,1.0,1.0,0,0.47998035406215944,0.23973741758378012,,0.47359369649600697,0.09413844655044107,1,1.1301230127893537e-05,0.25240810537880193,0.47359369649600697,0.09413844655044107,0.47359369649600686,0.5812059740729162,0.49929649109692287,0.49525345585223546,0.47359369649600686
25,0.6,36,0.5781529599785877,1,0.619933693757763,0.3306611945311404,1,0.554567178081565,0.5607727025883524,1,0.4535955755823734,1,0.7924478214400932,0.7349805014613471,0.7924478214400932,0.5774783712975212,0.4194274959112523,0.421078259686565,0.42395846734981585,0.07930554563195094,1.0,1.0,1.0,0,0.6422641725584715,0.4069674711558273,,0.5781529599785864,0.09032544623827214,1,7.310917597114324e-06,0.16328619436854866,0.5781529599785864,0.09032544623827214,0.5781529599785877,0.5576647043602592,0.5705433961908035,0.5812206614082385,0.5781529599785864
26,0.6,36,0.5226848726123547,1,0.5761364181360519,0.3214804751986614,1,0.4245019199997938,0.419412264685594,1,0.3761061016383233,1,0.8199168622587408,0.7406174189611567,0.8199168622587408,0.43367614078741545,0.41960573943365503,0.4212614544179233,0.42414075066460033,0.07940669570924618,1.0,1.0,1.0,0,0.4225505387124471,0.22070306443177948,,0.5226848726123555,0.10528587867727159,1,1.2163725157874365e-05,0.27167156023736044,0.5226848726123555,0.10528587867727159,0.5226848726123547,0.6500296522309652,0.5221813999018935,0.5226718685281212,0.43367614078741545
27,0.6,36,0.4940601132799581,1,0.5213465438805599,0.32163310787539834,1,0.5197216021075881,0.5274276006548241,1,0.5468604043689433,1,0.6833431282315322,0.6047215886342188,0.6833431282315322,0.5197157582631255,0.426922063644792,0.4287810098571473,0.4316228953802461,0.08363319048691017,1.0,1.0,1.0,0,0.8019396681108297,0.4278290875887423,,0.4940601132799572,0.07868051350010567,1,7.870373685092492e-06,0.17578140502894676,0.4940601132799572,0.07868051350010567,0.4940601132799581,0.4857694827679508,0.5436991839320097,0.54849726526049,0.5197157582631255
28,0.6,36,0.46507483739075445,1,0.4970870574335064,0.2836790701509716,1,0.4677764352030392,0.4590281770182908,1,0.46221520490662205,1,0.699100859497289,0.5994445565527555,0.699100859497289,0.46992199275835317,0.3954080572422357,0.3963916143878535,0.3993946411819438,0.06644608674198543,1.0,1.0,1.0,0,0.6406823674236718,0.3852884798316627,,0.4650748373907546,0.086994158069476,1,9.314271465621159e-06,0.20803023980684343,0.4650748373907546,0.086994158069476,0.46507483739075445,0.5370975008848405,0.5122289047561083,0.5113062485604475,0.4650748373907546
29,0.6,36,0.4245089679371596,0,0.4422153841008159,0.2434201279794547,0,0.3959803267671181,0.3780969772042136,0,0.3354878274315279,0,0.589826664624988,0.5013091669925379,0.589826664624988,0.3980057663684929,0.36424243253947175,0.36436027788779046,0.3675226645649656,0.05194030287592574,1.0,1.0,1.0,0,0.5174422103573367,0.22540419861117295,,0.42450896793715964,0.06824946691765066,0,5.838875738257478e-06,0.13040877373071263,0.42450896793715964,0.06824946691765066,0.4245089679371596,0.42136873247187184,0.45491812455127983,0.4426935032528166,0.4245089679371596
30,0.6,36,0.7319244283438555,1,0.7821189912655664,0.5946024806541422,1,0.7605299461637337,0.7493774111757933,1,0.7712445971335357,1,0.9106121258125284,0.8929843567954165,0.9106121258125284,0.7478614144757096,0.660740483950444,0.669094386282401,0.6707406828680609,0.31004563102706867,1.0,1.0,1.0,0,0.8637518618420603,0.5250476198758811,,0.731924428343856,0.09029289914100118,1,1.131253443305472e-05,0.2526605821637243,0.731924428343856,0.09029289914100118,0.7319244283438555,0.5574637602394902,0.7281331229787085,0.7598429577622751,0.7478614144757096
31,0.6,36,0.5259636421350399,1,0.5590563103129979,0.3351068641736489,1,0.5788603295024515,0.5501356221264255,1,0.5473433674336503,1,0.7285586488428061,0.6563277680061269,0.7285586488428061,0.5512511115710816,0.4318227591758697,0.433817835819644,0.4366346625071085,0.0865464879315775,1.0,1.0,1.0,0,0.7551050342646299,0.39705002381637283,,0.5259636421350401,0.0840237982088174,1,8.102659632479572e-06,0.1809694115789081,0.5259636421350401,0.0840237982088174,0.5259636421350399,0.5187586504000271,0.5600013062116243,0.5680780818387253,0.5473433674336503
32,0.6,36,0.5769752562953878,1,0.6173003503014712,0.35305190839195955,1,0.5971844713274139,0.6154257189467207,1,0.5710005195488591,1,0.7857762450293627,0.7283491022025447,0.7857762450293627,0.6092705051662539,0.4372984857540018,0.4394456659138351,0.4422344934466021,0.08988077018149869,1.0,1.0,1.0,0,0.7580547891567,0.3887912618578219,,0.5769752562953879,0.08890442134914026,1,7.730572504883782e-06,0.172659005910669,0.5769752562953879,0.08890442134914026,0.5769752562953878,0.5488913690744762,0.5881191981493895,0.6019400414344452,0.5769752562953879
33,0.6,36,0.6154741027225767,1,0.6535595605095252,0.44512707681941377,1,0.6409167302788386,0.6070570008240079,1,0.6387337715634722,1,0.7971094787926679,0.7526605481948915,0.7971094787926679,0.6138870771317007,0.5208974464601678,0.5253668199729503,0.5277281790775624,0.15191111450837289,1.0,1.0,1.0,0,0.7205163750416854,0.4087133926540877,,0.6154741027225763,0.0844220794676234,1,8.692012635506993e-06,0.19413235695823994,0.6154741027225763,0.0844220794676234,0.6154741027225767,0.5212176186054908,0.6201387157179268,0.6374357551054709,0.6154741027225767
34,0.6,36,0.506132717076953,1,0.5428847264506477,0.34908740148216855,1,0.48735261764956,0.5068611330972524,1,0.4690507237035629,1,0.7385963056965573,0.6546167314344246,0.7385963056965573,0.5165501522099767,0.45441841867697025,0.4570411525291083,0.45974244032747086,0.10085574525629466,1.0,1.0,1.0,0,0.6154096975063205,0.25204276289271815,,0.506132717076952,0.08965275224952098,1,1.1031476673735128e-05,0.2463832782126706,0.506132717076952,0.08965275224952098,0.506132717076953,0.5535115259372899,0.5377233557790173,0.5403569177716371,0.506132717076953
35,0.6,36,0.6125447172086469,1,0.6810405278791486,0.39541190546912675,1,0.5909100661066786,0.5807822646271414,1,0.500315585738853,1,0.9052618280730291,0.8669630507230939,0.9052618280730291,0.5975934997798626,0.46719785285201937,0.4701755709867979,0.4728115134196994,0.10960626511455812,1.0,1.0,1.0,0,0.6009504424225337,0.26055799015839765,,0.6125447172086464,0.1110915471814302,1,1.2223947569551488e-05,0.27301660184836196,0.6125447172086464,0.1110915471814302,0.6125447172086469,0.6858735538646715,0.6023921330547198,0.6181796207970526,0.6009504424225337
36,0.6,36,0.44091391198889013,1,0.4742542792361859,0.2624344630579988,0,0.49490962448493414,0.4974315597660739,1,0.5323537078526288,1,0.7001761478478716,0.5850987871471149,0.7001761478478716,0.4639795662465138,0.3794676764592672,0.3800084452498025,0.3830929803480621,0.058729625144388134,1.0,1.0,1.0,0,0.7115666386802976,0.4655290043896955,,0.44091391198888996,0.0906521986357348,1,1.0363871610540859e-05,0.23147260678712567,0.44091391198888996,0.0906521986357348,0.44091391198889013,0.5596820570191029,0.5153419261614899,0.5154807724510463,0.4655290043896955
37,0.6,36,0.6377716581859803,1,0.6931670819813394,0.49538364671585056,1,0.6202870174512225,0.6001866046196154,1,0.5618877047119739,1,0.8727636772612423,0.8347388454016472,0.8727636772612423,0.6395506629444851,0.5797354520431689,0.5858392145999235,0.5878997160198243,0.20942206723324874,1.0,1.0,1.0,0,0.6490493762959512,0.44441233666813745,,0.6377716581859804,0.09929805698575582,1,1.3871842744185956e-05,0.3098216305257981,0.6377716581859804,0.09929805698575582,0.6377716581859803,0.6130611460964646,0.6433988571283824,0.6625658761431339,0.6377716581859803
38,0.6,36,0.4578506705264443,1,0.49825021734476965,0.2737457531859079,0,0.43197175716993164,0.427643707751533,1,0.3879694124270044,1,0.7432098772805499,0.631925810303792,0.7432098772805499,0.44330764938836975,0.38730439773681913,0.3880628532295085,0.3911073166462771,0.062443918704035116,1.0,1.0,1.0,0,0.4733445359886085,0.30374282409248043,,0.45785067052644396,0.09757243537009593,1,1.1599380804175978e-05,0.25906717226256704,0.45785067052644396,0.09757243537009593,0.4578506705264443,0.602407246135692,0.49646272133199626,0.4924315090490462,0.45785067052644396
39,0.6,36,0.3404208513403978,0,0.37659738127334313,0.05591164247388416,0,0.34881442601847873,0.37249750199264936,0,0.34480180325959303,1,0.7158766873068242,0.5222952790425542,0.7158766873068242,0.36589804866423914,0.2425340364921381,0.2392710930613642,0.24305581399140716,0.015333840772561065,1.0,1.0,1.0,0,0.5401718986275008,0.040727001045971774,,0.34042085134039823,0.1049593936564241,0,9.520923549862575e-06,0.21264572506356882,0.34042085134039823,0.1049593936564241,0.3404208513403978,0.6480139503417247,0.41310202376917077,0.3940006687325455,0.34480180325959303
40,0.6,36,0.45442204628294697,1,0.526633882052801,0.17887203010251607,0,0.4685974791407187,0.4764222103917582,1,0.5264465568669711,1,0.8875323676422501,0.7983707649910605,0.8875323676422501,0.46969466824648964,0.3218013281994668,0.3207402539827852,0.32411965570426393,0.035817590060786254,1.0,1.0,1.0,0,0.5582261690726569,0.2767309306574861,,0.45442204628294747,0.1270623542754454,1,1.3785230851754392e-05,0.3078871912280948,0.45442204628294747,0.1270623542754454,0.45442204628294697,0.7844765033921436,0.516314193038524,0.5178636236750138,0.4685974791407187
41,0.6,36,0.5343458885596015,1,0.5891035888592211,0.292056529449326,1,0.5422070128903702,0.5137910405748073,1,0.5456952332678398,1,0.8286199156613853,0.7547472728176486,0.8286199156613853,0.542200647898591,0.3945332743107998,0.395492531930544,0.39850003177168564,0.06600605472052226,1.0,1.0,1.0,0,0.640219911169524,0.20465623979856515,,0.5343458885596013,0.1055521771987321,1,1.0341417936411619e-05,0.2309711136503253,0.5343458885596013,0.1055521771987321,0.5343458885596015,0.6516737657385815,0.551036206740027,0.5583066684368473,0.5343458885596015
42,0.6,36,0.4682229686424761,1,0.5113867794376858,0.26230335734245985,0,0.47274173090031474,0.4668542950551857,1,0.43226861489761675,1,0.7595794955511229,0.6529975338056337,0.7595794955511229,0.47577557353373795,0.37615666395722197,0.37660546017825597,0.37970692555050345,0.057205679045960245,1.0,1.0,1.0,0,0.5497171421010096,0.3938860100077483,,0.46822296864247615,0.09968398145268403,1,1.091958698901291e-05,0.2438842703159393,0.46822296864247615,0.09968398145268403,0.4682229686424761,0.615443824098266,0.5130285491950209,0.5127605764441855,0.46822296864247615
43,0.6,36,0.6549582783441856,1,0.7055173517231395,0.4934870058626494,1,0.6686489948464861,0.6704762452437426,1,0.6585415728357693,1,0.8652829071374136,0.8307387950634539,0.8652829071374136,0.6680726585981553,0.5622423840641767,0.5678602280659594,0.5700101771800591,0.19103089424664965,1.0,1.0,1.0,0,0.7280264376186124,0.46075444355026796,,0.6549582783441861,0.09424320827468356,1,1.1144058532684318e-05,0.2488977455177418,0.6549582783441861,0.09424320827468356,0.6549582783441856,0.5818527676223645,0.6576437441978562,0.68077764327916,0.6585415728357693
44,0.6,36,0.6826471804033767,1,0.7174902558604883,0.484419909462646,1,0.71759377845217,0.6985619224576309,1,0.81608897255477,1,0.8270795023258312,0.8000159104126914,0.8270795023258312,0.6914774271947434,0.5337832762137117,0.5386105894418706,0.5409060591461399,0.16346611963240784,1.0,1.0,1.0,0,0.9107705299008897,0.4370949933499935,,0.6826471804033771,0.07782696802217076,1,6.305520129730283e-06,0.14083107514479262,0.6826471804033771,0.07782696802217076,0.6826471804033767,0.4804997364624084,0.6710881508845793,0.6985032289848903,0.6914774271947434
45,0.6,36,0.7762105125822749,1,0.8847941794557261,0.4012467216945189,1,0.7963854011496935,0.7952983736931353,1,0.9772264731364111,1,1.0852372915881374,1.1174878711813696,1.0852372915881374,0.7827759952416729,0.4546883626504915,0.4573185949463384,0.4600185024341676,0.10103558992648061,1.0,1.0,1.0,0,0.7512316735875404,0.4775429646360146,,0.7762105125822752,0.12640732433182447,1,9.335476364361124e-06,0.20850384208347775,0.7762105125822752,0.12640732433182447,0.7762105125822749,0.7804323818840925,0.7274942320538669,0.7594003465548921,0.7762105125822752
46,0.6,36,0.5695230978526223,1,0.6036136942752773,0.30998800223014167,1,0.5739996882835646,0.6205775735005228,1,0.6714219925487016,1,0.75479643501276,0.6980451525029991,0.75479643501276,0.5635048036348078,0.40537150430182467,0.4066318238657644,0.4095839043440442,0.07159661905062259,1.0,1.0,1.0,0,0.8209915498551676,0.32904526696007896,,0.5695230978526217,0.08255656298702858,1,5.879092939229724e-06,0.131307007584401,0.5695230978526217,0.08255656298702858,0.5695230978526223,0.5097000148741374,0.5770459494256316,0.5894979061967843,0.5695230978526223
47,0.6,36,0.7194839512349306,1,0.7712172888338602,0.555864309566625,1,0.6770752485387755,0.6436970151838828,1,0.6960017019921452,1,0.907337480093185,0.8876928338719674,0.907337480093185,0.7001780610299542,0.6054455722773309,0.61226350484059,0.6141925421299403,0.2385383369301176,1.0,1.0,1.0,0,0.6877783630830385,0.38545563417620826,,0.71948395123493,0.09213579149778263,1,1.023500605546848e-05,0.2285944501401683,0.71948395123493,0.09213579149778263,0.7194839512349306,0.5688416837827768,0.6855657033730663,0.7120775179289689,0.7001780610299542
48,0.6,36,0.6031213961865607,1,0.657155684643409,0.41704947940464393,1,0.6085586565119886,0.5484832073574464,1,0.5725831969489125,1,0.8515861715883893,0.8027472409234959,0.8515861715883893,0.5896072875441793,0.4927004943420101,0.49638661918484367,0.49889215839287926,0.1285528942167805,1.0,1.0,1.0,0,0.6387740456628195,0.48648928542461967,,0.6031213961865601,0.10020029789024018,1,1.1408220824236235e-05,0.25479769647589917,0.6031213961865601,0.10020029789024018,0.6031213961865607,0.618631535485228,0.6110277468904804,0.6276360675928562,0.6031213961865601
49,0.6,36,0.47762537866904475,1,0.5348441517617499,0.2827995550027636,1,0.476533175857281,0.481673504395705,1,0.41959426729352095,1,0.8266986467734249,0.7284293594759834,0.8266986467734249,0.49471348127332065,0.3924659802763648,0.39336781306181934,0.39638588364360133,0.06497389710714288,1.0,1.0,1.0,0,0.6003323867628733,0.3389655958805645,,0.4776253786690441,0.11246044369123549,1,1.4539591290009808e-05,0.32473550657401073,0.4776253786690441,0.11246044369123549,0.47762537866904475,0.694325051191644,0.5290859939137269,0.531789682258346,0.47762537866904475
50,0.6,36,0.5948658423562347,1,0.6559275288186156,0.3957176376219761,1,0.595469149243992,0.606559126241888,1,0.610579286437493,1,0.8732048750519413,0.8245709103205625,0.8732048750519413,0.5731378356813178,0.472701785034966,0.47583239017482626,0.47844018922868287,0.11352580538422004,1.0,1.0,1.0,0,0.7550874650283218,0.35079553518404444,,0.5948658423562347,0.10653916643035338,1,1.2203330642599813e-05,0.2725561316679724,0.5948658423562347,0.10653916643035338,0.5948658423562347,0.6577673869824439,0.610183381040423,0.6274048399234478,0.5948658423562347
51,0.6,36,0.4263927799647498,0,0.45280055248379364,0.2184630120135573,0,0.4131809078859831,0.38507528096340105,0,0.4048774353629382,1,0.6529333642829397,0.5408596823651346,0.6529333642829397,0.41669484442282967,0.3439161083935576,0.34346933362671195,0.34673565534996215,0.0437210333803377,1.0,1.0,1.0,0,0.6028895616426888,0.17452963988090422,,0.4263927799647494,0.08241345214286763,0,7.5232402817998415e-06,0.16802833004125847,0.4263927799647494,0.08241345214286763,0.4263927799647498,0.5088164558116199,0.4651587346172467,0.45552262435875474,0.4263927799647494
52,0.6,36,0.5984202807809914,1,0.6618059615163823,0.3080951975674151,1,0.5597685446220816,0.5705952821334784,1,0.5332324913591598,1,0.8827058320718384,0.8365764125650154,0.8827058320718384,0.5693090415564797,0.40354714784871437,0.404756790844512,0.4077181998452855,0.07063431068632584,1.0,1.0,1.0,0,0.628402045420163,0.29807685084303365,,0.5984202807809916,0.10814891399306228,1,9.056150925764927e-06,0.20226522876806868,0.5984202807809916,0.10814891399306228,0.5984202807809914,0.6677058864423263,0.5831135245250301,0.5968935133362824,0.5984202807809914
53,0.6,36,0.769670427530788,1,0.9001488971077248,0.5184365502069512,1,0.7648804041884507,0.7382251681065002,1,0.7852928393795087,1,1.1281732117059224,1.1870117452183184,1.1281732117059224,0.743461353768751,0.5346418378632013,0.5394930000260679,0.5417840796279282,0.16425616836838042,1.0,1.0,1.0,0,0.6548614278358011,0.363486483608086,,0.7696704275307886,0.13747547544879796,1,1.5527091458840412e-05,0.3467908973391014,0.7696704275307886,0.13747547544879796,0.769670427530788,0.8487665831254524,0.729174264732203,0.7521877349235814,0.769670427530788
54,0.6,36,0.6913650114886644,1,0.7303305987197822,0.5224307415140718,1,0.7667662245994519,0.7268414985875317,1,0.8235475443183446,1,0.8475636936701398,0.8213948953098538,0.8475636936701398,0.7432963737665819,0.5775697429836946,0.583613346955464,0.5856849223437453,0.20708381933066214,1.0,1.0,1.0,0,0.8509717677389919,0.5083438939135243,,0.6913650114886641,0.08171403995320274,1,7.934340019780329e-06,0.17721006555503488,0.6913650114886641,0.08171403995320274,0.6913650114886644,0.5044983205770974,0.6916722957989841,0.7211252096866302,0.7268414985875317
55,0.6,36,0.6639775885032061,1,0.7065589430219423,0.522765890903567,1,0.74072525326541,0.7151056307386836,1,0.7780783439613719,1,0.8427606305967075,0.8101180236343626,0.8427606305967075,0.7242410345481411,0.601996053451591,0.6087181660474685,0.6106648418382771,0.23448431478655432,1.0,1.0,1.0,0,0.9116878312970644,0.45875933723439005,,0.6639775885032062,0.08650292905272486,1,1.0472863481703671e-05,0.23390689326661113,0.6639775885032062,0.08650292905272486,0.6639775885032061,0.534064677956105,0.6854493599971766,0.7121500507972899,0.7065589430219423
56,0.6,36,0.5780643244379569,1,0.6235434694790337,0.3897647674257161,1,0.5380326322687259,0.568452933909909,1,0.5224158956633039,1,0.8075648788992769,0.7493946189805165,0.8075648788992769,0.5640037302610756,0.4722729684865858,0.4753916620556574,0.4780016537867239,0.11321712707963731,1.0,1.0,1.0,0,0.6521309291390167,0.30751784315601544,,0.578064324437956,0.09398620916030599,1,1.0038884957989733e-05,0.22421416993400733,0.578064324437956,0.09398620916030599,0.5780643244379569,0.5802660681804138,0.5818055342279259,0.5930689557980346,0.578064324437956
57,0.6,36,0.4942608205668541,1,0.5189224875440352,0.3207565710523614,1,0.4859480061805405,0.5001030638467205,1,0.5077330420025404,1,0.6682822978887917,0.5942488331972813,0.6682822978887917,0.46624951462663655,0.4259118510175701,0.42774273576805827,0.4305897868338888,0.08304089823820314,1.0,1.0,1.0,0,0.6619208360790213,0.18892436552463476,,0.4942608205668542,0.07496433798889969,1,7.104931030939119e-06,0.1586855731695429,0.4942608205668542,0.07496433798889969,0.4942608205668541,0.4628260044446805,0.5185086899981084,0.5180346827220152,0.4942608205668542
58,0.6,36,0.7287140392759205,1,0.7778067790464906,0.5817263338100455,1,0.6621053983832229,0.6640557210334652,1,0.660255362260098,1,0.9051601110132347,0.8867061392568336,0.9051601110132347,0.6872716060124167,0.6400071931958898,0.6477851707846646,0.6495374833678255,0.2817652495979586,1.0,1.0,1.0,0,0.7303493049206873,0.5007513710815542,,0.7287140392759204,0.08948784453949041,1,1.0517363907864018e-05,0.23490079110814033,0.7287140392759204,0.08948784453949041,0.7287140392759205,0.552493394135114,0.6997956300817958,0.7270281180149128,0.7287140392759204
59,0.6,36,0.6757713429879196,1,0.7122526899774013,0.5261992963609219,1,0.696092967429332,0.6834690647506007,1,0.6631589960903816,1,0.8283845936105769,0.7994425201164737,0.8283845936105769,0.6971931046853261,0.5964089344713283,0.6029758493177542,0.6049510938485116,0.2280159811850684,1.0,1.0,1.0,0,0.7830502757956959,0.584641354763112,,0.6757713429879194,0.07985301200185534,1,8.45657904675144e-06,0.18887404919436518,0.6757713429879194,0.07985301200185534,0.6757713429879196,0.49300842879669493,0.6755524646941192,0.7005100371989301,0.6757713429879196
60,0.6,36,0.6281279007749047,1,0.7106009010506398,0.38968283108886614,1,0.6860681620908357,0.6256617706290809,1,0.6968743338728793,1,0.9542806257893974,0.9332406066768885,0.9542806257893974,0.6421410840336711,0.4586692816270845,0.4614100950056147,0.4640896467717559,0.10371267364293356,1.0,1.0,1.0,0,0.6467492639189281,0.33834024103923294,,0.6281279007749044,0.11973429530806903,1,1.3015583268046517e-05,0.29069744407531733,0.6281279007749044,0.11973429530806903,0.6281279007749047,0.7392334405812899,0.6338397280924706,0.6565579511833628,0.6281279007749047
61,0.6,36,0.687408729437446,1,0.7395212245683497,0.5191038881421987,1,0.7344675454088386,0.7174605789910362,1,0.7952568010100836,1,0.8889377839004149,0.8625890375992662,0.8889377839004149,0.7280036056189125,0.5756729900615238,0.5816639064521217,0.5837451805493749,0.20505030735337082,1.0,1.0,1.0,0,0.822852643955464,0.7134164188232819,,0.6874087294374455,0.09393845833235973,1,1.0537360706137664e-05,0.2353474109835637,0.6874087294374455,0.09393845833235973,0.687408729437446,0.5799712570008555,0.7002745484384537,0.7316454898279507,0.7174605789910362
62,0.6,36,0.5310966347546977,1,0.5831670074503484,0.33552126177154845,1,0.5809322251748077,0.5779266735379964,1,0.5645875205074468,1,0.8165684249253642,0.7404843206049578,0.8165684249253642,0.5812842956345572,0.4309501975791244,0.43292103640076673,0.4357423247768823,0.0860229074856044,1.0,1.0,1.0,0,0.72149823530957,0.3067080790555495,,0.5310966347546981,0.10337638312084589,1,1.1980449274069837e-05,0.26757817234337106,0.5310966347546981,0.10337638312084589,0.5310966347546977,0.6382405239255003,0.571098672789508,0.5815392929827935,0.5645875205074468
63,0.6,36,0.5574481241323898,1,0.6042806505796913,0.33006974053594007,1,0.5736880627387524,0.5855447323680814,1,0.5735557914857158,1,0.8042473156440778,0.7383654148157369,0.8042473156440778,0.5657290228629457,0.4212968359303814,0.4229995258173364,0.42587017494262325,0.08037064562224519,1.0,1.0,1.0,0,0.6834236911199167,0.32410114445167965,,0.5574481241323893,0.09661857045188693,1,9.07845744434099e-06,0.20276343525022109,0.5574481241323893,0.09661857045188693,0.5574481241323898,0.5965181327156553,0.5725035896125548,0.5835374692350798,0.5657290228629457
64,0.6,36,0.5780967262857427,1,0.6226359344666792,0.3985057003173146,1,0.6032123046078897,0.630660039410934,1,0.5527701043979311,1,0.8037699425685186,0.7457196517778578,0.8037699425685186,0.6047587842485078,0.4820864330147307,0.48547772282069546,0.48803753514497067,0.12042248740399698,1.0,1.0,1.0,0,0.7385904907252477,0.3039823425675694,,0.5780967262857425,0.09307259646138642,1,1.0256893062438454e-05,0.2290832870040913,0.5780967262857425,0.09307259646138642,0.5780967262857427,0.5746254699120282,0.5955124487471449,0.6092823070410702,0.5780967262857427
65,0.6,36,0.5506297731675417,1,0.6031633468192871,0.37986749885770477,1,0.5223410188531601,0.5254819350442265,1,0.6001955540976291,1,0.8248838592082272,0.7569124156672232,0.8248838592082272,0.499551368784366,0.47208436761868416,0.47519782227475865,0.4778087783828444,0.11308154242551383,1.0,1.0,1.0,0,0.6497133616469191,0.047321714758730184,,0.5506297731675418,0.10236647591479563,1,1.3114711225277875e-05,0.29291142428713257,0.5506297731675418,0.10236647591479563,0.5506297731675417,0.6320054082748378,0.5641307624485943,0.5751413590294179,0.5506297731675417
66,0.6,36,0.47973082763703534,1,0.5219380806931279,0.3112677070534826,1,0.45643437545014004,0.46861516039079626,1,0.4776798592682654,1,0.7574774006419126,0.6573850640611446,0.7574774006419126,0.45696715552044287,0.4200769753899624,0.42174578026190584,0.4246226669272695,0.0796745280522746,1.0,1.0,1.0,0,0.5619408956221091,0.47630064149057105,,0.4797308276370352,0.09769998656572093,1,1.2461630767179993e-05,0.2783251536529523,0.4797308276370352,0.09769998656572093,0.47973082763703534,0.6031947407206774,0.5290663913918895,0.5309922354716412,0.4797308276370352
67,0.6,36,0.5815071124686844,1,0.6237184610689529,0.39306039098973,1,0.6035665404429407,0.6055548331609868,1,0.7054517628317394,1,0.7958514908617051,0.7394335709487262,0.7958514908617051,0.5959297070662852,0.47458442421718716,0.4777673248898869,0.48036549740287243,0.11488763954060018,1.0,1.0,1.0,0,0.8350470944904234,0.36655244557108324,,0.5815071124686859,0.0905583105050631,1,9.300298577076052e-06,0.20771816135808308,0.5815071124686859,0.0905583105050631,0.5815071124686844,0.5591023964825156,0.6058109184443288,0.6220401834041561,0.5959297070662852
68,0.6,36,0.2990570117070927,0,0.33663368627914586,0.0730778772276017,0,0.2600237773161412,0.24041670698486947,0,0.17035511256870728,0,0.739657526520943,0.5055728502096101,0.739657526520943,0.26247502722000526,0.23813191856307853,0.2347466940787196,0.2385539244564374,0.014513952511427472,1.0,1.0,1.0,0,0.3073790044866591,0.09661287799463097,,0.29905701170709315,0.11275072804493978,0,1.3724272165450526e-05,0.30652570522957534,0.29905701170709315,0.11275072804493978,0.2990570117070927,0.696117252005819,0.37626245694640403,0.34944855564504546,0.2990570117070927
69,0.6,36,0.5098879000568909,1,0.531684985459271,0.32301614221747094,1,0.5139250129872293,0.5177604164577282,1,0.49694798232927245,1,0.6596176798260476,0.5972411337277862,0.6596176798260476,0.5245754083999989,0.4239147240691261,0.4256901330710463,0.42854739609059334,0.08187821552567197,1.0,1.0,1.0,0,0.8086331587735365,0.30876558109947744,,0.5098879000568912,0.06974354070343712,1,5.724518234480788e-06,0.12785464815948336,0.5098879000568912,0.06974354070343712,0.5098879000568909,0.4305930679248641,0.536581184786429,0.5399731070822209,0.5098879000568912
70,0.6,36,0.5911112576620605,1,0.6460571358061874,0.3264122648942116,1,0.5378926869601759,0.5709140298041901,1,0.5077449871023216,1,0.8497239155723103,0.7972016260866702,0.8497239155723103,0.5630214533625806,0.41546862011495717,0.41700941511815043,0.41990986578920436,0.07708103676609857,1.0,1.0,1.0,0,0.5828688287616479,0.3107681515296004,,0.5911112576620603,0.10173743626511167,1,8.706085781065356e-06,0.19444667460037654,0.5911112576620603,0.10173743626511167,0.5911112576620605,0.6281217495177414,0.575488824516907,0.5873243119538295,0.5828688287616479
71,0.6,36,0.6403527919757289,1,0.6965504432419172,0.44611082630744314,1,0.6270667301927545,0.6100024111434484,1,0.6052631615226965,1,0.8767700644649592,0.8397277040960129,0.8767700644649592,0.6284717901750257,0.50954667358841,0.5137007478547546,0.5161201471191588,0.14219514780785886,1.0,1.0,1.0,0,0.6550300203927288,0.37696498283404917,,0.6403527919757294,0.09981567007778461,1,1.0741134354399125e-05,0.23989860761436177,0.6403527919757294,0.09981567007778461,0.6403527919757289,0.6162568629620945,0.6296392210047432,0.6494477334369072,0.6403527919757289
72,0.6,36,0.6540409335097145,1,0.7148994026583863,0.44984459532046156,1,0.7191303791053748,0.6948550059305293,1,0.687855622513099,1,0.8989179655137016,0.8674622638595105,0.8989179655137016,0.7013716102131676,0.5079496853877511,0.5120593988707445,0.514486964050492,0.14086235721227963,1.0,1.0,1.0,0,0.7737083726897407,0.28859938399913576,,0.6540409335097155,0.10277861402292375,1,1.0848268225584481e-05,0.2422913964646283,0.6540409335097155,0.10277861402292375,0.6540409335097145,0.6345499279622202,0.6516123785598669,0.6761169657718241,0.687855622513099
73,0.6,36,0.6833354240783266,1,0.7506338608347977,0.5460768291464948,1,0.6443062766023149,0.7148677111621388,1,0.5982408835285461,1,0.9335541927167503,0.9127722433011961,0.9335541927167503,0.6503790661500435,0.6241260374421059,0.6314628718154975,0.6332963898661667,0.261306231998804,1.0,1.0,1.0,0,0.6507721900507788,0.4788340620184661,,0.6833354240783269,0.10601049855487547,1,1.5962387689715902e-05,0.35651305109319686,0.6833354240783269,0.10601049855487547,0.6833354240783266,0.6545034184468723,0.682501075463659,0.7071693949297555,0.6833354240783266
74,0.6,36,0.42626813125363283,1,0.46054467149018874,0.2142866383251823,0,0.4194084055442287,0.3887253071596343,0,0.3159432334309128,1,0.7028072858249906,0.5774719238170687,0.7028072858249906,0.42166053708142004,0.3408849897299414,0.3403540172224398,0.3436358380322784,0.04257518066271761,1.0,1.0,1.0,0,0.5166884604435366,0.18775228805812477,,0.4262681312536326,0.09312977225448876,1,9.443880374508223e-06,0.21092499894033173,0.4262681312536326,0.09312977225448876,0.42626813125363283,0.5749784703464002,0.4643747212027037,0.4546338635262878,0.4262681312536326
75,0.6,36,0.4507514836506255,1,0.4919094423128393,0.2812510492187662,1,0.47739030206726474,0.4715427183089648,1,0.4859399928261974,1,0.7458537532047543,0.6300806868668384,0.7458537532047543,0.48433794284872556,0.39607633532277786,0.3970784557484106,0.4000780654213041,0.06678355750891134,1.0,1.0,1.0,0,0.5911693766857773,0.3570563879658033,,0.4507514836506256,0.09903996403758471,1,1.28951909449143e-05,0.2880085334131561,0.4507514836506256,0.09903996403758471,0.4507514836506255,0.6114676933803862,0.5141481632223736,0.5136117998213516,0.4715427183089648
76,0.6,36,0.7210666345860369,1,0.8113430878964015,0.49582526531825355,1,0.8448701446767657,0.8412355090158621,1,0.8525147444168311,1,1.014961980519338,1.0205308407497258,1.014961980519338,0.8011138712472063,0.5297486821103198,0.5344639232800508,0.5367800231642297,0.1597873961030901,1.0,1.0,1.0,0,0.8346767553010068,0.5012622225002602,,0.7210666345860373,0.11904839473304128,1,1.3024450990030764e-05,0.2908955008248445,0.7210666345860373,0.11904839473304128,0.7210666345860369,0.734998725367325,0.7251453463114272,0.7622664604100354,0.8011138712472063
77,0.6,36,0.32717222884663416,0,0.3607092647134771,0.11470668048539417,0,0.3010212590853356,0.32199396271429886,0,0.2492231533401449,0,0.6999584395975513,0.4968787706291928,0.6999584395975513,0.33133268478598576,0.266455870756885,0.2638574227223541,0.26751982360433235,0.020333341043514266,1.0,1.0,1.0,0,0.37526147152482525,0.16428298968979654,,0.3271722288466337,0.10313154354126859,0,1.2011690297606134e-05,0.2682759271378495,0.3271722288466337,0.10313154354126859,0.32717222884663416,0.6367288968320616,0.4018340212903119,0.3800973236122979,0.3271722288466337
78,0.6,36,0.6090327588255375,1,0.6775682524953346,0.39683039152799904,1,0.59357184292696,0.5906203344106444,1,0.5797729726620644,1,0.9040404216586894,0.8647436596336986,0.9040404216586894,0.5917619780430281,0.4694882337981753,0.4725295736259025,0.47515380460288803,0.11122617499505415,1.0,1.0,1.0,0,0.5832557112180494,0.3702214167329362,,0.6090327588255374,0.11135131874065371,1,1.2545333683105103e-05,0.28019462221407626,0.6090327588255374,0.11135131874065371,0.6090327588255375,0.6874773702398871,0.6096067924040114,0.6268278973840635,0.59357184292696
79,0.6,36,0.600824617025052,1,0.6562316836685674,0.40762240630333907,1,0.5322619106157964,0.5607731881479772,1,0.5592983626337061,1,0.8555468254012023,0.806381082117365,0.8555468254012023,0.5378554022036401,0.48314667220536517,0.48656741309995866,0.48912180407956085,0.12121876147421269,1.0,1.0,1.0,0,0.6512495640314157,0.16632389553804097,,0.6008246170250514,0.10151219823126559,1,1.1345467144391878e-05,0.2533961200821895,0.6008246170250514,0.10151219823126559,0.600824617025052,0.6267311413692457,0.5901062723922416,0.6026960791340708,0.6008246170250514
80,0.6,36,0.5718111918407233,1,0.5955462106305655,0.4292021939378143,1,0.6014138676947707,0.6115967020336026,1,0.6151630176946399,1,0.7070826111959688,0.6615098831197838,0.7070826111959688,0.5778869997954856,0.5274006039349073,0.5320506207108767,0.5343787270754992,0.15767205681415383,1.0,1.0,1.0,0,0.9189028154371113,0.3339200994965754,,0.5718111918407229,0.06932166968027494,1,6.960450366355502e-06,0.15545865977917814,0.5718111918407229,0.06932166968027494,0.5718111918407233,0.42798845771580607,0.5999153820926355,0.6126516700692874,0.5778869997954856
81,0.6,36,0.5534792940453164,1,0.5902112206464045,0.31357433831121595,1,0.582113232691198,0.5761615273067453,1,0.49544984647118384,1,0.7586759218431887,0.6944608493192498,0.7586759218431887,0.5673120583269566,0.40893444166449344,0.41029373171072947,0.41322759374201934,0.07350111607656726,1.0,1.0,1.0,0,0.7281986087192507,0.3790878529893602,,0.5534792940453162,0.08648214739466155,1,6.951538322917265e-06,0.15525961313032188,0.5534792940453162,0.08648214739466155,0.5534792940453164,0.5339363730577329,0.5636432799062182,0.5731733853561289,0.5534792940453164
82,0.6,36,0.601306288674912,1,0.658660441141106,0.3936001015984092,1,0.6224295237132352,0.6175049671543543,1,0.5881603990632274,1,0.8627344900029722,0.8144345710484061,0.8627344900029722,0.6113617219524472,0.46857800103255237,0.4715940566167901,0.4742229419072539,0.11058050034301861,1.0,1.0,1.0,0,0.6677484819996661,0.4027025096601562,,0.6013062886749118,0.10311018209241185,1,1.0992558247883998e-05,0.24551405193846743,0.6013062886749118,0.10311018209241185,0.601306288674912,0.6365970123348628,0.6100987979102703,0.6274574658733262,0.601306288674912
83,0.6,36,0.5033826176014845,1,0.5708436167393771,0.2807034330205961,1,0.5189025232875276,0.4728069848365332,1,0.5077268160062646,1,0.8718589176408478,0.7948440828580232,0.8718589176408478,0.4825165259070271,0.38799741885588557,0.38877512493521577,0.3918160447116575,0.06277971996009767,1.0,1.0,1.0,0,0.532125620522041,0.3522781431467822,,0.5033826176014838,0.11864324588241515,1,1.4238710233085073e-05,0.31801545780627394,0.5033826176014838,0.11864324588241515,0.5033826176014845,0.7324973569997637,0.5435375808902025,0.5493991916060296,0.5033826176014845
84,0.6,36,0.4872436357579108,1,0.531776844443527,0.29657283032349924,1,0.49695682415450115,0.48756483288915786,1,0.4798483715103821,1,0.7707079453858753,0.6738589573493058,0.7707079453858753,0.5085345982621029,0.4033986797421191,0.40460419862384467,0.40756636678989516,0.07055637864292998,1.0,1.0,1.0,0,0.6528476676408124,0.35111154080080825,,0.48724363575791046,0.09952447723694376,1,1.1560051631360592e-05,0.2581887721339366,0.48724363575791046,0.09952447723694376,0.4872436357579108,0.6144590531946125,0.5328516749989686,0.536054323491229,0.4872436357579108
85,0.6,36,0.46619902338850244,1,0.5055992179606933,0.3129279379229533,1,0.4151114502773729,0.41604260932828424,1,0.325172760936519,1,0.7398258311452632,0.633800537138058,0.7398258311452632,0.4416680802815432,0.42679281752850634,0.4286481735709648,0.4314907199711092,0.08355725630180909,1.0,1.0,1.0,0,0.42926528221353044,0.3077031784149244,,0.46619902338850205,0.09574281682098289,1,1.3080587658817235e-05,0.29214928913375504,0.46619902338850205,0.09574281682098289,0.46619902338850244,0.5911112744048507,0.5000968598996001,0.49571950112573654,0.4416680802815432
86,0.6,36,0.6329092190419656,1,0.7293732553030771,0.28568724953132585,1,0.6756792644921694,0.6293584456348936,1,0.626063748505299,1,0.995370851758651,0.9929307135686527,0.995370851758651,0.6497680756838731,0.39272049537394066,0.3936293980232168,0.3966461671872804,0.0651003862686511,1.0,1.0,1.0,0,0.6028550047754666,0.25130695065994535,,0.632909219041966,0.1280396046566182,1,1.0747224189076773e-05,0.24003462144729232,0.632909219041966,0.1280396046566182,0.6329092190419656,0.7905099974693837,0.6179781623779547,0.6393893341275949,0.6329092190419656
87,0.6,36,0.6526574648295678,1,0.705678098247728,0.4797803609601393,1,0.7181323760490708,0.7225492180752737,1,0.7525848277854046,1,0.8723991060770898,0.8377582209077173,0.8723991060770898,0.6526177386262505,0.5444886604894771,0.5496133455030735,0.5518540751274364,0.17349996175049265,1.0,1.0,1.0,0,0.7742274660388657,0.31927587736833235,,0.6526574648295677,0.09648235789890228,1,1.1031288577473713e-05,0.24637907716377994,0.6526574648295677,0.09648235789890228,0.6526574648295678,0.5956771633514966,0.6581516651479006,0.6823151756132221,0.6526574648295678
88,0.6,36,0.5307086543292021,1,0.5713894825661867,0.3055828532267394,1,0.5389453344210787,0.5193345628905184,1,0.5346423959098644,1,0.7668030986940902,0.6914520422075238,0.7668030986940902,0.5435470766089643,0.4049422094983961,0.40619060420668485,0.4091448798076467,0.0713693940161037,1.0,1.0,1.0,0,0.7041241929936994,0.2718200823026686,,0.5307086543292024,0.09224594486524508,1,8.435128308752298e-06,0.18839495620413027,0.5307086543292024,0.09224594486524508,0.5307086543292021,0.5695217650628428,0.5490837358852637,0.5556608700707875,0.5307086543292024
89,0.6,36,0.40576220349906905,0,0.4266055935237283,0.22824831139384358,0,0.42676684185074876,0.40816247856716326,0,0.41323361568810746,1,0.6070898029931568,0.4974187489444214,0.6070898029931568,0.41801435810555726,0.3526305986953794,0.3524258931035844,0.3556476548294372,0.047129501722076625,1.0,1.0,1.0,0,0.6805111686568658,0.2361444336797017,,0.4057622034990693,0.07526159251973713,0,7.28395048160597e-06,0.16268389546343331,0.4057622034990693,0.07526159251973713,0.40576220349906905,0.46466123877744986,0.4643551138584002,0.4543704272116383,0.40816247856716326
90,0.6,36,0.7055831999085718,1,0.7557407483986213,0.5015554734047755,1,0.6921038866533984,0.6909990357697665,1,0.6835449145540193,1,0.893741235113793,0.8709291427756845,0.893741235113793,0.6967571178274203,0.5423892189705102,0.5474555861641355,0.5497070509095875,0.1715007446881593,1.0,1.0,1.0,0,0.7280743183802793,0.4319665921206328,,0.7055831999085714,0.09142783179303354,1,8.41019071109757e-06,0.18783798570887134,0.7055831999085714,0.09142783179303354,0.7055831999085718,0.5644707766254915,0.672719091325168,0.700054650304774,0.7055831999085714
91,0.6,36,0.5406252236326856,1,0.5783207678688403,0.3663966023379856,1,0.5571305834956817,0.5270708410163883,1,0.5808060100124236,1,0.7571999374060976,0.6874330416230748,0.7571999374060976,0.540390895837884,0.46045874724288355,0.4632492679996305,0.46591966965137366,0.10493129856313069,1.0,1.0,1.0,0,0.7128182124778033,0.31108320805726897,,0.5406252236326852,0.08836101968312639,1,9.643477093452668e-06,0.2153829056530622,0.5406252236326852,0.08836101968312639,0.5406252236326856,0.5455364348665998,0.5666482571968393,0.5751567693139039,0.5406252236326856
92,0.6,36,0.6271193538792558,1,0.6622091622218742,0.39541270755911245,1,0.641547193919954,0.6297319866940465,1,0.6075467092057774,1,0.7920017571650173,0.7519781354098743,0.7920017571650173,0.6593275892860335,0.4637300970118369,0.466611488595499,0.469265162781591,0.10718369258773403,1.0,1.0,1.0,0,0.7561522728388506,0.3253873518949517,,0.6271193538792555,0.08062052732512778,1,6.051245835514415e-06,0.1351519683465807,0.6271193538792555,0.08062052732512778,0.6271193538792558,0.49774702930928566,0.609937586080617,0.6274410940666558,0.6271193538792558
93,0.6,36,0.5532071683766685,1,0.6082470485876721,0.4026553701741766,1,0.6118857905788577,0.5542561439386089,1,0.5541888567481673,1,0.8356802452950636,0.769476539182998,0.8356802452950636,0.6407988834975135,0.5005968563974813,0.5045023246307446,0.5069674871947708,0.134833317049305,1.0,1.0,1.0,0,0.6362754202516012,0.5334849749084358,,0.5532071683766686,0.10439286124394151,1,1.519377214768572e-05,0.33934635414718195,0.5532071683766686,0.10439286124394151,0.5532071683766685,0.644516208083312,0.6018416598798755,0.6161855189572543,0.5541888567481673
94,0.6,36,0.5422231632386089,1,0.5992099314003057,0.27930201184214154,1,0.5213929629228102,0.5237962094193483,1,0.5019705096228271,1,0.8398469205857896,0.770138585344091,0.8398469205857896,0.503300698448078,0.3857235053152169,0.3864380471295285,0.3894905941587348,0.06168238804633246,1.0,1.0,1.0,0,0.6598482506471082,0.16408574252586774,,0.5422231632386092,0.10689258513741605,1,9.844974755007292e-06,0.2198832691025881,0.5422231632386092,0.10689258513741605,0.5422231632386089,0.6599493760785129,0.5476072143890611,0.5543833443632671,0.5422231632386089
95,0.6,36,0.5772407619304422,1,0.6316673924337337,0.4273281371805852,1,0.5748120502080639,0.5313982149459061,1,0.5590310404334907,1,0.842150600768204,0.784669483148665,0.842150600768204,0.5763898793953405,0.5204761798719842,0.524933851535095,0.5272973647115372,0.15154284622595496,1.0,1.0,1.0,0,0.5985291894840928,0.4308445248996114,,0.577240761930442,0.10219952396336861,1,1.4458020926526767e-05,0.32291366765226154,0.577240761930442,0.10219952396336861,0.5772407619304422,0.6309746554304031,0.6013993219014018,0.6147706082898042,0.577240761930442
96,0.6,36,0.5556727095230163,1,0.5983885627940145,0.3440282512814351,1,0.5323238882441433,0.5579776803564602,1,0.5159524452017458,1,0.7861376717482742,0.7201883532927169,0.7861376717482742,0.5288722092209658,0.4334516719930339,0.43549199621506246,0.43830049374633084,0.0875295936509109,1.0,1.0,1.0,0,0.7130879926168818,0.35234070646259674,,0.5556727095230157,0.09268229467036948,1,8.899388239481229e-06,0.19876400171801645,0.5556727095230157,0.09268229467036948,0.5556727095230163,0.5722157665342601,0.5675173924636917,0.5771247596323159,0.5556727095230157
97,0.6,36,0.5564145975417315,1,0.6144232438290538,0.3475047076556079,1,0.5734932590041912,0.5819502717186056,1,0.5917044004744209,1,0.8482592275106295,0.7845596260670512,0.8482592275106295,0.5834810600690135,0.43643419489364144,0.43855736697402037,0.44135061390449787,0.08934889301011646,1.0,1.0,1.0,0,0.6743996306036868,0.2765841691680684,,0.5564145975417308,0.10671177596937921,1,1.192857526638883e-05,0.2664195887333803,0.5564145975417308,0.10671177596937921,0.5564145975417315,0.6588330694845447,0.5806942731547894,0.5929799678710549,0.5734932590041912
98,0.6,36,0.5102870805073075,1,0.5474568365175579,0.29151612003692295,1,0.5306129811582256,0.5289634100340889,1,0.5283847506354714,1,0.7422291445924925,0.6598524139149514,0.7422291445924925,0.5290796105001792,0.39585769385016406,0.39685374090155745,0.3998544685587636,0.06667302126762202,1.0,1.0,1.0,0,0.7026084058685966,0.39745611386960744,,0.5102870805073075,0.08983181794483004,1,8.268615190496168e-06,0.18467595745723936,0.5102870805073075,0.08983181794483004,0.5102870805073075,0.5546170684194405,0.5435120077533879,0.5491633240558054,0.5283847506354714
99,0.6,36,0.5826907981642433,1,0.6427234587235842,0.43270816693131964,1,0.5333083878410179,0.6042785227411163,1,0.45368315692137173,1,0.8648967776313499,0.8116589343644464,0.8648967776313499,0.5948896035356994,0.5246388292430109,0.5292121300553166,0.5315543582639966,0.15520801877306167,1.0,1.0,1.0,0,0.5485543435237137,0.44170602047545193,,0.5826907981642432,0.10652567109645575,1,1.5663054805970975e-05,0.3498275801182947,0.5826907981642432,0.10652567109645575,0.5826907981642433,0.6576840674783427,0.6028122034483817,0.6162880347652483,0.5826907981642432
100,0.6,36,0.34937328709793986,0,0.38064848172387483,0.1662968753106881,0,0.36628844897579516,0.34733141052937394,0,0.3403607489487796,1,0.6794517855661374,0.5003830313511032,0.6794517855661374,0.36893089706735593,0.3029599619722571,0.3013755164714866,0.3048512601706334,0.029887430386706947,1.0,1.0,1.0,0,0.4624266235969561,0.17737566492611367,,0.3493732870979394,0.09712435258920404,0,1.2077324242325675e-05,0.2697418330160092,0.3493732870979394,0.09712435258920404,0.34937328709793986,0.5996408058695035,0.42632665525892,0.4092434547667606,0.34937328709793986
